7-day means,year,7-day period,,"long-term average
40-yr","long-term average
30-yr","long-term average
35-yr",anomaly,,
17.67,1967,1,01 Jan - 07 Jan,19.29,19.41,19.41,-1.62,0,0
17.51,1967,2,08 Jan - 14 Jan,19.72,19.81,19.81,-2.20,0,0
18.42,1967,3,15 Jan - 21 Jan,19.97,20.01,20.01,-1.55,0,0
19.32,1967,4,22 Jan - 28 Jan,20.15,20.14,20.15,-0.84,0,0
18.96,1967,5,29 Jan - 04 Feb,20.26,20.30,20.26,-1.30,0,0
18.90,1967,6,05 Feb - 11 Feb,20.46,20.49,20.46,-1.56,0,0
19.74,1967,7,12 Feb - 18 Feb,20.60,20.65,20.63,-0.86,0,0
20.24,1967,8,19 Feb - 25 Feb,20.62,20.67,20.69,-0.38,0,0
20.36,1967,9,26 Feb - 04 Mar,20.55,20.57,20.61,-0.19,0,0
20.51,1967,10,05 Mar - 11 Mar,20.58,20.64,20.69,-0.07,0,0
20.11,1967,11,12 Mar - 18 Mar,20.42,20.49,20.50,-0.30,0,0
20.58,1967,12,19 Mar - 25 Mar,20.27,20.24,20.28,0.31,0,0
19.91,1967,13,26 Mar - 01 Apr,20.10,20.08,20.13,-0.18,0,0
19.56,1967,14,02 Apr - 08 Apr,19.73,19.68,19.75,-0.17,0,0
19.79,1967,15,09 Apr - 15 Apr,19.37,19.37,19.42,0.41,0,0
19.04,1967,16,16 Apr - 22 Apr,19.06,19.03,19.08,-0.02,0,0
18.61,1967,17,23 Apr - 29 Apr,18.58,18.52,18.56,0.04,0,0
17.61,1967,18,30 Apr - 06 May,18.18,18.05,18.12,-0.56,0,0
17.21,1967,19,07 May - 13 May,17.76,17.66,17.72,-0.55,0,0
16.36,1967,20,14 May - 20 May,17.36,17.22,17.31,-1.00,0,0
16.67,1967,21,21 May - 27 May,17.00,16.82,16.92,-0.33,0,0
16.21,1967,22,28 May - 03 Jun,16.52,16.39,16.49,-0.31,0,0
15.46,1967,23,04 Jun - 10 Jun,16.10,16.02,16.08,-0.65,0,0
15.10,1967,24,11 Jun - 17 Jun,15.71,15.59,15.68,-0.61,0,0
15.09,1967,25,18 Jun - 24 Jun,15.33,15.20,15.28,-0.25,0,0
14.77,1967,26,25 Jun - 01 Jul,15.06,14.94,15.04,-0.29,0,0
14.69,1967,27,02 Jul - 08 Jul,14.75,14.65,14.74,-0.07,0,0
13.94,1967,28,09 Jul - 15 Jul,14.49,14.39,14.48,-0.54,0,0
13.90,1967,29,16 Jul - 22 Jul,14.27,14.17,14.25,-0.37,0,0
13.43,1967,30,23 Jul - 29 Jul,14.10,14.03,14.11,-0.66,0,0
13.68,1967,31,30 Jul - 05 Aug,14.02,13.98,14.04,-0.34,0,0
13.68,1967,32,06 Aug - 12 Aug,13.99,13.96,14.01,-0.31,0,0
14.67,1967,33,13 Aug - 19 Aug,13.96,13.91,13.97,0.71,0,0
14.23,1967,34,20 Aug - 26 Aug,13.95,13.90,13.95,0.27,0,0
14.27,1967,35,27 Aug - 02 Sep,13.98,13.89,14.00,0.29,0,0
14.04,1967,36,03 Sep - 09 Sep,14.09,14.00,14.08,-0.05,0,0
14.13,1967,37,10 Sep - 16 Sep,14.30,14.21,14.29,-0.17,0,0
14.83,1967,38,17 Sep - 23 Sep,14.50,14.42,14.50,0.32,0,0
15.07,1967,39,24 Sep - 30 Sep,14.71,14.60,14.68,0.36,0,0
15.40,1967,40,01 Oct - 07 Oct,14.89,14.82,14.92,0.51,0,0
16.03,1967,41,08 Oct - 14 Oct,15.09,15.05,15.13,0.94,0,0
16.66,1967,42,15 Oct - 21 Oct,15.24,15.19,15.24,1.42,0,0
17.04,1967,43,22 Oct - 28 Oct,15.62,15.55,15.62,1.42,0,0
17.06,1967,44,29 Oct - 4 Nov,15.95,15.90,15.97,1.10,0,0
16.37,1967,45,5 Nov - 11 Nov,16.36,16.36,16.40,0.01,0,0
15.80,1967,46,12 Nov - 18 Nov,16.62,16.68,16.69,-0.82,0,0
16.49,1967,47,19 Nov -25 Nov,16.88,16.91,16.93,-0.39,0,0
17.50,1967,48,26 Nov - 2 Dec,17.16,17.19,17.23,0.34,0,0
17.27,1967,49,3 Dec - 9 Dec,17.70,17.79,17.80,-0.43,0,0
17.19,1967,50,10 Dec -16 Dec,18.03,18.14,18.16,-0.85,0,0
17.89,1967,51,17 Dec - 23 Dec,18.44,18.54,18.59,-0.55,0,0
18.86,1967,52,24 Dec - 30 Dec,18.69,18.83,18.87,0.17,0,0
19.51,1968,1,01 Jan - 07 Jan,,,,0.22,0,0
20.69,1968,2,08 Jan - 14 Jan,,,,0.97,0,0
19.51,1968,3,15 Jan - 21 Jan,,,,-0.46,0,0
19.27,1968,4,22 Jan - 28 Jan,,,,-0.88,0,0
19.14,1968,5,29 Jan - 04 Feb,,,,-1.12,0,0
19.03,1968,6,05 Feb - 11 Feb,,,,-1.43,0,0
19.60,1968,7,12 Feb - 18 Feb,,,,-1.00,0,0
19.74,1968,8,19 Feb - 25 Feb,,,,-0.88,0,0
20.04,1968,9,26 Feb - 03 Mar,,,,-0.50,0,0
21.00,1968,10,04 Mar - 10 Mar,,,,0.42,0,0
21.29,1968,11,11 Mar - 17 Mar,,,,0.87,0,0
20.81,1968,12,18 Mar - 24 Mar,,,,0.54,0,0
20.99,1968,13,25 Mar - 31 Mar,,,,0.89,0,0
20.67,1968,14,01 Apr - 07 Apr,,,,0.94,0,0
20.07,1968,15,08 Apr - 14 Apr,,,,0.70,0,0
18.84,1968,16,15 Apr - 21 Apr,,,,-0.22,0,0
18.07,1968,17,22 Apr - 28 Apr,,,,-0.51,0,0
18.06,1968,18,29 Apr - 05 May,,,,-0.12,0,0
17.21,1968,19,06 May - 12 May,,,,-0.55,0,0
17.26,1968,20,13 May - 19 May,,,,-0.10,0,0
16.94,1968,21,20 May - 26 May,,,,-0.05,0,0
16.30,1968,22,27 May - 02 Jun,,,,-0.22,0,0
15.46,1968,23,03 Jun - 09 Jun,,,,-0.65,0,0
14.94,1968,24,10 Jun - 16 Jun,,,,-0.77,0,0
15.19,1968,25,17 Jun - 23 Jun,,,,-0.15,0,0
14.63,1968,26,24 Jun - 30 Jun,,,,-0.44,0,0
13.99,1968,27,01 Jul - 07 Jul,,,,-0.77,0,13.98571429
13.97,1968,28,08 Jul - 14 Jul,,,,-0.52,0,0
12.87,1968,29,15 Jul - 21 Jul,,,,-1.40,0,0
13.49,1968,30,22 Jul - 28 Jul,,,,-0.61,0,0
13.21,1968,31,29 Jul - 04 Aug,,,,-0.81,0,0
13.19,1968,32,05 Aug - 11 Aug,,,,-0.80,0,0
13.43,1968,33,12 Aug - 18 Aug,,,,-0.53,0,0
13.15,1968,34,19 Aug - 25 Aug,,,,-0.80,0,0
13.51,1968,35,26 Aug - 01 Sep,,,,-0.47,0,0
13.81,1968,36,02 Sep - 08 Sep,,,,-0.28,0,0
13.71,1968,37,09 Sep - 15 Sep,,,,-0.59,0,0
13.77,1968,38,16 Sep - 22 Sep,,,,-0.73,0,0
14.07,1968,39,23 Sep - 29 Sep,,,,-0.64,0,0
14.19,1968,40,30 Sep - 06 Oct,,,,-0.71,0,0
14.27,1968,41,07 Oct - 13 Oct,,,,-0.81,0,0
14.29,1968,42,14 Oct - 20 Oct,,,,-0.95,0,0
14.56,1968,43,21 Oct - 27 Oct,,,,-1.07,0,0
14.97,1968,44,28 Oct - 03 Nov,,,,-0.98,0,0
15.21,1968,45,04 Nov - 10 Nov,,,,-1.15,0,0
15.80,1968,46,11 Nov - 17 Nov,,,,-0.82,0,0
14.94,1968,47,18 Nov -24 Nov,,,,-1.93,0,0
15.34,1968,48,25 Nov - 01 Dec,,,,-1.81,0,0
16.39,1968,49,02 Dec - 08 Dec,,,,-1.31,0,0
16.59,1968,50,09 Dec -15 Dec,,,,-1.45,0,0
17.36,1968,51,16 Dec - 22 Dec,,,,-1.08,0,0
18.04,1968,52,23 Dec - 29 Dec,,,,-0.64,0,0
19.20,1969,1,01 Jan - 07 Jan,,,,-0.09,0,0
18.59,1969,2,08 Jan - 14 Jan,,,,-1.13,0,0
19.40,1969,3,15 Jan - 21 Jan,,,,-0.57,0,0
19.66,1969,4,22 Jan - 28 Jan,,,,-0.50,0,0
18.89,1969,5,29 Jan - 04 Feb,,,,-1.37,0,0
19.79,1969,6,05 Feb - 11 Feb,,,,-0.67,0,0
19.06,1969,7,12 Feb - 18 Feb,,,,-1.54,0,0
19.43,1969,8,19 Feb - 25 Feb,,,,-1.19,0,0
19.69,1969,9,26 Feb - 04 Mar,,,,-0.86,0,0
19.47,1969,10,05 Mar - 11 Mar,,,,-1.11,0,0
19.64,1969,11,12 Mar - 18 Mar,,,,-0.77,0,0
19.57,1969,12,19 Mar - 25 Mar,,,,-0.70,0,0
19.31,1969,13,26 Mar - 01 Apr,,,,-0.78,0,0
19.17,1969,14,02 Apr - 08 Apr,,,,-0.56,0,0
17.56,1969,15,09 Apr - 15 Apr,,,,-1.82,0,0
17.33,1969,16,16 Apr - 22 Apr,,,,-1.74,0,0
16.73,1969,17,23 Apr - 29 Apr,,,,-1.85,0,0
16.70,1969,18,30 Apr - 06 May,,,,-1.48,0,0
16.43,1969,19,07 May - 13 May,,,,-1.34,0,0
16.46,1969,20,14 May - 20 May,,,,-0.90,0,0
16.47,1969,21,21 May - 27 May,,,,-0.53,0,0
15.50,1969,22,28 May - 03 Jun,,,,-1.02,0,0
15.03,1969,23,04 Jun - 10 Jun,,,,-1.07,0,0
14.83,1969,24,11 Jun - 17 Jun,,,,-0.88,0,0
14.31,1969,25,18 Jun - 24 Jun,,,,-1.02,0,0
14.19,1969,26,25 Jun - 01 Jul,,,,-0.88,0,0
14.03,1969,27,02 Jul - 08 Jul,,,,-0.73,0,0
13.69,1969,28,09 Jul - 15 Jul,,,,-0.80,0,0
13.69,1969,29,16 Jul - 22 Jul,,,,-0.58,0,0
13.59,1969,30,23 Jul - 29 Jul,,,,-0.51,0,0
13.37,1969,31,30 Jul - 05 Aug,,,,-0.65,0,0
13.66,1969,32,06 Aug - 12 Aug,,,,-0.33,0,0
13.96,1969,33,13 Aug - 19 Aug,,,,0.00,0,0
13.36,1969,34,20 Aug - 26 Aug,,,,-0.59,0,0
13.47,1969,35,27 Aug - 02 Sep,,,,-0.51,0,0
14.20,1969,36,03 Sep - 09 Sep,,,,0.11,0,0
14.59,1969,37,10 Sep - 16 Sep,,,,0.28,0,0
14.59,1969,38,17 Sep - 23 Sep,,,,0.08,0,0
14.77,1969,39,24 Sep - 30 Sep,,,,0.06,0,0
14.69,1969,40,01 Oct - 07 Oct,,,,-0.21,0,0
14.73,1969,41,08 Oct - 14 Oct,,,,-0.36,0,0
14.90,1969,42,15 Oct - 21 Oct,,,,-0.34,0,0
15.13,1969,43,22 Oct - 28 Oct,,,,-0.49,0,0
15.34,1969,44,29 Oct - 4 Nov,,,,-0.61,0,0
16.41,1969,45,5 Nov - 11 Nov,,,,0.05,0,0
17.30,1969,46,12 Nov - 18 Nov,,,,0.68,0,0
17.94,1969,47,19 Nov -25 Nov,,,,1.07,0,0
17.61,1969,48,26 Nov - 2 Dec,,,,0.46,0,0
18.19,1969,49,3 Dec - 9 Dec,,,,0.49,0,0
19.30,1969,50,10 Dec -16 Dec,,,,1.27,0,0
19.17,1969,51,17 Dec - 23 Dec,,,,0.73,0,0
19.45,1969,52,24 Dec - 30 Dec,,,,0.76,0,0
21.09,1970,1,01 Jan - 07 Jan,,,,1.80,0,0
20.99,1970,2,08 Jan - 14 Jan,,,,1.27,0,0
21.13,1970,3,15 Jan - 21 Jan,,,,1.16,0,0
22.19,1970,4,22 Jan - 28 Jan,,,,2.03,0,0
22.17,1970,5,29 Jan - 04 Feb,,,,1.91,0,0
21.70,1970,6,05 Feb - 11 Feb,,,,1.24,0,0
21.50,1970,7,12 Feb - 18 Feb,,,,0.90,0,0
21.69,1970,8,19 Feb - 25 Feb,,,,1.07,0,0
21.54,1970,9,26 Feb - 04 Mar,,,,1.00,0,0
21.66,1970,10,05 Mar - 11 Mar,,,,1.08,0,0
21.29,1970,11,12 Mar - 18 Mar,,,,0.87,0,0
20.96,1970,12,19 Mar - 25 Mar,,,,0.69,0,0
21.31,1970,13,26 Mar - 01 Apr,,,,1.22,0,0
20.87,1970,14,02 Apr - 08 Apr,,,,1.14,0,0
20.11,1970,15,09 Apr - 15 Apr,,,,0.74,0,0
19.40,1970,16,16 Apr - 22 Apr,,,,0.34,0,0
19.36,1970,17,23 Apr - 29 Apr,,,,0.78,0,0
19.07,1970,18,30 Apr - 06 May,,,,0.90,0,0
18.57,1970,19,07 May - 13 May,,,,0.81,0,0
18.04,1970,20,14 May - 20 May,,,,0.69,0,0
17.17,1970,21,21 May - 27 May,,,,0.17,0,0
16.77,1970,22,28 May - 03 Jun,,,,0.25,0,0
16.56,1970,23,04 Jun - 10 Jun,,,,0.45,0,0
15.99,1970,24,11 Jun - 17 Jun,,,,0.27,0,0
15.51,1970,25,18 Jun - 24 Jun,,,,0.18,0,0
15.49,1970,26,25 Jun - 01 Jul,,,,0.42,0,0
15.37,1970,27,02 Jul - 08 Jul,,,,0.62,0,0
15.21,1970,28,09 Jul - 15 Jul,,,,0.73,0,0
14.70,1970,29,16 Jul - 22 Jul,,,,0.43,0,0
14.70,1970,30,23 Jul - 29 Jul,,,,0.60,0,0
14.63,1970,31,30 Jul - 05 Aug,,,,0.61,0,0
14.16,1970,32,06 Aug - 12 Aug,,,,0.17,0,0
13.76,1970,33,13 Aug - 19 Aug,,,,-0.20,0,0
13.89,1970,34,20 Aug - 26 Aug,,,,-0.06,0,0
14.03,1970,35,27 Aug - 02 Sep,,,,0.05,0,0
14.29,1970,36,03 Sep - 09 Sep,,,,0.20,0,0
14.66,1970,37,10 Sep - 16 Sep,,,,0.35,0,0
14.70,1970,38,17 Sep - 23 Sep,,,,0.20,0,0
14.60,1970,39,24 Sep - 30 Sep,,,,-0.11,0,0
15.01,1970,40,01 Oct - 07 Oct,,,,0.12,0,0
15.14,1970,41,08 Oct - 14 Oct,,,,0.06,0,0
14.80,1970,42,15 Oct - 21 Oct,,,,-0.44,0,0
15.61,1970,43,22 Oct - 28 Oct,,,,-0.01,0,0
16.29,1970,44,29 Oct - 4 Nov,,,,0.33,0,0
17.14,1970,45,5 Nov - 11 Nov,,,,0.78,0,0
18.24,1970,46,12 Nov - 18 Nov,,,,1.62,0,0
17.93,1970,47,19 Nov -25 Nov,,,,1.05,0,0
19.77,1970,48,26 Nov - 2 Dec,,,,2.62,0,0
19.86,1970,49,3 Dec - 9 Dec,,,,2.16,0,0
19.80,1970,50,10 Dec -16 Dec,,,,1.77,0,0
20.00,1970,51,17 Dec - 23 Dec,,,,1.56,0,0
19.63,1970,52,24 Dec - 30 Dec,,,,0.94,0,0
20.44,1971,1,01 Jan - 07 Jan,,,,1.15,0,0
20.79,1971,2,08 Jan - 14 Jan,,,,1.07,0,0
20.81,1971,3,15 Jan - 21 Jan,,,,0.84,0,0
21.76,1971,4,22 Jan - 28 Jan,,,,1.60,0,0
21.86,1971,5,29 Jan - 04 Feb,,,,1.60,0,0
21.96,1971,6,05 Feb - 11 Feb,,,,1.50,0,0
22.56,1971,7,12 Feb - 18 Feb,,,,1.96,0,0
22.16,1971,8,19 Feb - 25 Feb,,,,1.54,0,0
21.47,1971,9,26 Feb - 04 Mar,,,,0.92,0,0
21.03,1971,10,05 Mar - 11 Mar,,,,0.45,0,0
20.83,1971,11,12 Mar - 18 Mar,,,,0.41,0,0
21.06,1971,12,19 Mar - 25 Mar,,,,0.79,0,0
20.61,1971,13,26 Mar - 01 Apr,,,,0.52,0,0
20.24,1971,14,02 Apr - 08 Apr,,,,0.51,0,0
19.93,1971,15,09 Apr - 15 Apr,,,,0.56,0,0
19.66,1971,16,16 Apr - 22 Apr,,,,0.59,0,0
19.24,1971,17,23 Apr - 29 Apr,,,,0.66,0,0
19.07,1971,18,30 Apr - 06 May,,,,0.90,0,0
18.90,1971,19,07 May - 13 May,,,,1.14,0,0
18.14,1971,20,14 May - 20 May,,,,0.79,0,0
17.66,1971,21,21 May - 27 May,,,,0.66,0,0
17.43,1971,22,28 May - 03 Jun,,,,0.91,0,0
18.04,1971,23,04 Jun - 10 Jun,,,,1.94,0,0
16.93,1971,24,11 Jun - 17 Jun,,,,1.22,0,0
16.39,1971,25,18 Jun - 24 Jun,,,,1.05,0,0
15.97,1971,26,25 Jun - 01 Jul,,,,0.91,0,0
15.59,1971,27,02 Jul - 08 Jul,,,,0.83,0,0
14.79,1971,28,09 Jul - 15 Jul,,,,0.30,0,0
14.11,1971,29,16 Jul - 22 Jul,,,,-0.16,0,0
14.46,1971,30,23 Jul - 29 Jul,,,,0.36,0,0
14.26,1971,31,30 Jul - 05 Aug,,,,0.24,0,0
14.67,1971,32,06 Aug - 12 Aug,,,,0.68,0,0
14.69,1971,33,13 Aug - 19 Aug,,,,0.72,0,0
14.67,1971,34,20 Aug - 26 Aug,,,,0.72,0,0
15.26,1971,35,27 Aug - 02 Sep,,,,1.28,0,0
15.14,1971,36,03 Sep - 09 Sep,,,,1.05,0,0
15.11,1971,37,10 Sep - 16 Sep,,,,0.81,0,0
15.33,1971,38,17 Sep - 23 Sep,,,,0.82,0,0
15.46,1971,39,24 Sep - 30 Sep,,,,0.75,0,0
15.79,1971,40,01 Oct - 07 Oct,,,,0.89,0,0
15.17,1971,41,08 Oct - 14 Oct,,,,0.09,0,0
15.44,1971,42,15 Oct - 21 Oct,,,,0.20,0,0
15.77,1971,43,22 Oct - 28 Oct,,,,0.14,0,0
16.27,1971,44,29 Oct - 4 Nov,,,,0.32,0,0
16.90,1971,45,5 Nov - 11 Nov,,,,0.54,0,0
17.96,1971,46,12 Nov - 18 Nov,,,,1.33,0,0
17.19,1971,47,19 Nov -25 Nov,,,,0.31,0,0
16.13,1971,48,26 Nov - 2 Dec,,,,-1.03,0,0
16.99,1971,49,3 Dec - 9 Dec,,,,-0.71,0,0
18.23,1971,50,10 Dec -16 Dec,,,,0.20,0,0
19.11,1971,51,17 Dec - 23 Dec,,,,0.68,0,0
19.94,1971,52,24 Dec - 30 Dec,,,,1.25,0,0
19.33,1972,1,01 Jan - 07 Jan,,,,0.04,0,0
20.03,1972,2,08 Jan - 14 Jan,,,,0.31,0,0
20.30,1972,3,15 Jan - 21 Jan,,,,0.33,0,0
19.70,1972,4,22 Jan - 28 Jan,,,,-0.45,0,0
19.31,1972,5,29 Jan - 04 Feb,,,,-0.95,0,0
19.79,1972,6,05 Feb - 11 Feb,,,,-0.67,0,0
19.86,1972,7,12 Feb - 18 Feb,,,,-0.74,0,0
19.96,1972,8,19 Feb - 25 Feb,,,,-0.66,0,0
20.54,1972,9,26 Feb - 03 Mar,,,,0.00,0,0
20.87,1972,10,04 Mar - 10 Mar,,,,0.29,0,0
20.64,1972,11,11 Mar - 17 Mar,,,,0.23,0,0
20.66,1972,12,18 Mar - 24 Mar,,,,0.39,0,0
21.16,1972,13,25 Mar - 31 Mar,,,,1.06,0,0
20.27,1972,14,01 Apr - 07 Apr,,,,0.54,0,0
19.87,1972,15,08 Apr - 14 Apr,,,,0.50,0,0
19.11,1972,16,15 Apr - 21 Apr,,,,0.05,0,0
18.51,1972,17,22 Apr - 28 Apr,,,,-0.06,0,0
17.74,1972,18,29 Apr - 05 May,,,,-0.43,0,0
17.80,1972,19,06 May - 12 May,,,,0.04,0,0
17.64,1972,20,13 May - 19 May,,,,0.29,0,0
16.84,1972,21,20 May - 26 May,,,,-0.15,0,0
16.10,1972,22,27 May - 02 Jun,,,,-0.42,0,0
15.53,1972,23,03 Jun - 09 Jun,,,,-0.57,0,0
14.94,1972,24,10 Jun - 16 Jun,,,,-0.77,0,0
14.71,1972,25,17 Jun - 23 Jun,,,,-0.62,0,0
14.90,1972,26,24 Jun - 30 Jun,,,,-0.16,0,0
14.47,1972,27,01 Jul - 07 Jul,,,,-0.28,0,0
14.91,1972,28,08 Jul - 14 Jul,,,,0.43,0,0
14.57,1972,29,15 Jul - 21 Jul,,,,0.30,0,0
14.14,1972,30,22 Jul - 28 Jul,,,,0.05,0,0
13.54,1972,31,29 Jul - 04 Aug,,,,-0.48,0,0
13.50,1972,32,05 Aug - 11 Aug,,,,-0.49,0,0
13.63,1972,33,12 Aug - 18 Aug,,,,-0.33,0,0
13.50,1972,34,19 Aug - 25 Aug,,,,-0.45,0,0
13.74,1972,35,26 Aug - 01 Sep,,,,-0.24,0,0
13.83,1972,36,02 Sep - 08 Sep,,,,-0.26,0,0
14.10,1972,37,09 Sep - 15 Sep,,,,-0.20,0,0
14.20,1972,38,16 Sep - 22 Sep,,,,-0.30,0,0
14.39,1972,39,23 Sep - 29 Sep,,,,-0.33,0,0
14.80,1972,40,30 Sep - 06 Oct,,,,-0.09,0,0
15.31,1972,41,07 Oct - 13 Oct,,,,0.23,0,0
15.13,1972,42,14 Oct - 20 Oct,,,,-0.11,0,0
15.87,1972,43,21 Oct - 27 Oct,,,,0.25,0,0
16.16,1972,44,28 Oct - 03 Nov,,,,0.20,0,0
16.97,1972,45,04 Nov - 10 Nov,,,,0.61,0,0
17.36,1972,46,11 Nov - 17 Nov,,,,0.73,0,0
18.66,1972,47,18 Nov -24 Nov,,,,1.78,0,0
18.91,1972,48,25 Nov - 01 Dec,,,,1.76,0,0
19.10,1972,49,02 Dec - 08 Dec,,,,1.40,0,0
18.64,1972,50,09 Dec -15 Dec,,,,0.61,0,0
18.14,1972,51,16 Dec - 22 Dec,,,,-0.29,0,0
18.01,1972,52,23 Dec - 29 Dec,,,,-0.68,0,0
19.64,1973,1,01 Jan - 07 Jan,,,,0.35,0,0
20.53,1973,2,08 Jan - 14 Jan,,,,0.81,0,0
20.40,1973,3,15 Jan - 21 Jan,,,,0.43,0,0
20.67,1973,4,22 Jan - 28 Jan,,,,0.52,0,0
20.84,1973,5,29 Jan - 04 Feb,,,,0.58,0,0
21.63,1973,6,05 Feb - 11 Feb,,,,1.17,0,0
21.24,1973,7,12 Feb - 18 Feb,,,,0.64,0,0
21.06,1973,8,19 Feb - 25 Feb,,,,0.44,0,0
21.74,1973,9,26 Feb - 04 Mar,,,,1.20,0,0
20.87,1973,10,05 Mar - 11 Mar,,,,0.29,0,0
21.16,1973,11,12 Mar - 18 Mar,,,,0.74,0,0
20.97,1973,12,19 Mar - 25 Mar,,,,0.70,0,0
20.49,1973,13,26 Mar - 01 Apr,,,,0.39,0,0
19.67,1973,14,02 Apr - 08 Apr,,,,-0.06,0,0
19.59,1973,15,09 Apr - 15 Apr,,,,0.21,0,0
19.49,1973,16,16 Apr - 22 Apr,,,,0.42,0,0
18.67,1973,17,23 Apr - 29 Apr,,,,0.09,0,0
18.86,1973,18,30 Apr - 06 May,,,,0.68,0,0
17.99,1973,19,07 May - 13 May,,,,0.22,0,0
17.30,1973,20,14 May - 20 May,,,,-0.06,0,0
16.63,1973,21,21 May - 27 May,,,,-0.37,0,0
16.19,1973,22,28 May - 03 Jun,,,,-0.34,0,0
16.34,1973,23,04 Jun - 10 Jun,,,,0.24,0,0
16.04,1973,24,11 Jun - 17 Jun,,,,0.33,0,0
15.46,1973,25,18 Jun - 24 Jun,,,,0.12,0,0
15.43,1973,26,25 Jun - 01 Jul,,,,0.36,0,0
14.86,1973,27,02 Jul - 08 Jul,,,,0.10,0,0
14.53,1973,28,09 Jul - 15 Jul,,,,0.04,0,0
14.66,1973,29,16 Jul - 22 Jul,,,,0.39,0,0
14.67,1973,30,23 Jul - 29 Jul,,,,0.57,0,0
14.31,1973,31,30 Jul - 05 Aug,,,,0.29,0,0
14.54,1973,32,06 Aug - 12 Aug,,,,0.55,0,0
14.83,1973,33,13 Aug - 19 Aug,,,,0.87,0,0
14.53,1973,34,20 Aug - 26 Aug,,,,0.58,0,0
14.27,1973,35,27 Aug - 02 Sep,,,,0.29,0,0
14.27,1973,36,03 Sep - 09 Sep,,,,0.18,0,0
14.74,1973,37,10 Sep - 16 Sep,,,,0.44,0,0
15.46,1973,38,17 Sep - 23 Sep,,,,0.95,0,0
15.71,1973,39,24 Sep - 30 Sep,,,,1.00,0,0
15.73,1973,40,01 Oct - 07 Oct,,,,0.83,0,0
16.41,1973,41,08 Oct - 14 Oct,,,,1.33,0,0
16.43,1973,42,15 Oct - 21 Oct,,,,1.19,0,0
16.81,1973,43,22 Oct - 28 Oct,,,,1.19,0,0
17.53,1973,44,29 Oct - 4 Nov,,,,1.58,0,0
18.27,1973,45,5 Nov - 11 Nov,,,,1.91,0,0
17.97,1973,46,12 Nov - 18 Nov,,,,1.35,0,0
17.80,1973,47,19 Nov -25 Nov,,,,0.92,0,0
18.46,1973,48,26 Nov - 2 Dec,,,,1.30,0,0
19.74,1973,49,3 Dec - 9 Dec,,,,2.04,0,0
19.89,1973,50,10 Dec -16 Dec,,,,1.85,0,0
20.41,1973,51,17 Dec - 23 Dec,,,,1.98,0,0
20.46,1973,52,24 Dec - 30 Dec,,,,1.77,0,0
21.07,1974,1,01 Jan - 07 Jan,,,,1.78,0,0
20.99,1974,2,08 Jan - 14 Jan,,,,1.27,0,0
21.77,1974,3,15 Jan - 21 Jan,,,,1.80,0,0
21.39,1974,4,22 Jan - 28 Jan,,,,1.23,0,0
22.00,1974,5,29 Jan - 04 Feb,,,,1.74,0,0
22.37,1974,6,05 Feb - 11 Feb,,,,1.91,0,0
22.93,1974,7,12 Feb - 18 Feb,,,,2.33,0,0
23.64,1974,8,19 Feb - 25 Feb,,,,3.02,0,0
22.84,1974,9,26 Feb - 04 Mar,,,,2.30,0,0
22.39,1974,10,05 Mar - 11 Mar,,,,1.81,0,0
22.31,1974,11,12 Mar - 18 Mar,,,,1.90,0,0
20.69,1974,12,19 Mar - 25 Mar,,,,0.42,0,0
20.43,1974,13,26 Mar - 01 Apr,,,,0.33,0,0
20.64,1974,14,02 Apr - 08 Apr,,,,0.91,0,0
20.40,1974,15,09 Apr - 15 Apr,,,,1.03,0,0
20.30,1974,16,16 Apr - 22 Apr,,,,1.24,0,0
19.09,1974,17,23 Apr - 29 Apr,,,,0.51,0,0
18.31,1974,18,30 Apr - 06 May,,,,0.14,0,0
17.89,1974,19,07 May - 13 May,,,,0.12,0,0
17.86,1974,20,14 May - 20 May,,,,0.50,0,0
17.83,1974,21,21 May - 27 May,,,,0.83,0,0
17.56,1974,22,28 May - 03 Jun,,,,1.04,0,0
16.71,1974,23,04 Jun - 10 Jun,,,,0.61,0,0
16.43,1974,24,11 Jun - 17 Jun,,,,0.72,0,0
15.11,1974,25,18 Jun - 24 Jun,,,,-0.22,0,0
15.34,1974,26,25 Jun - 01 Jul,,,,0.28,0,0
15.47,1974,27,02 Jul - 08 Jul,,,,0.72,0,0
15.16,1974,28,09 Jul - 15 Jul,,,,0.67,0,0
15.46,1974,29,16 Jul - 22 Jul,,,,1.19,0,0
15.03,1974,30,23 Jul - 29 Jul,,,,0.93,0,0
14.73,1974,31,30 Jul - 05 Aug,,,,0.71,0,0
14.67,1974,32,06 Aug - 12 Aug,,,,0.68,0,0
14.44,1974,33,13 Aug - 19 Aug,,,,0.48,0,0
14.31,1974,34,20 Aug - 26 Aug,,,,0.36,0,0
14.29,1974,35,27 Aug - 02 Sep,,,,0.31,0,0
14.74,1974,36,03 Sep - 09 Sep,,,,0.65,0,0
14.90,1974,37,10 Sep - 16 Sep,,,,0.60,0,0
15.11,1974,38,17 Sep - 23 Sep,,,,0.61,0,0
15.26,1974,39,24 Sep - 30 Sep,,,,0.55,0,0
15.64,1974,40,01 Oct - 07 Oct,,,,0.75,0,0
15.87,1974,41,08 Oct - 14 Oct,,,,0.79,0,0
16.17,1974,42,15 Oct - 21 Oct,,,,0.93,0,0
16.46,1974,43,22 Oct - 28 Oct,,,,0.83,0,0
16.21,1974,44,29 Oct - 4 Nov,,,,0.26,0,0
17.03,1974,45,5 Nov - 11 Nov,,,,0.67,0,0
17.24,1974,46,12 Nov - 18 Nov,,,,0.62,0,0
17.91,1974,47,19 Nov -25 Nov,,,,1.04,0,0
18.49,1974,48,26 Nov - 2 Dec,,,,1.33,0,0
18.84,1974,49,3 Dec - 9 Dec,,,,1.14,0,0
18.36,1974,50,10 Dec -16 Dec,,,,0.33,0,0
19.71,1974,51,17 Dec - 23 Dec,,,,1.28,0,0
20.85,1974,52,24 Dec - 30 Dec,,,,2.16,0,0
21.17,1975,1,01 Jan - 07 Jan,,,,1.88,0,0
22.44,1975,2,08 Jan - 14 Jan,,,,2.73,0,0
22.10,1975,3,15 Jan - 21 Jan,,,,2.13,0,0
22.21,1975,4,22 Jan - 28 Jan,,,,2.06,0,0
21.49,1975,5,29 Jan - 04 Feb,,,,1.23,0,0
20.46,1975,6,05 Feb - 11 Feb,,,,0.00,0,0
21.10,1975,7,12 Feb - 18 Feb,,,,0.50,0,0
21.37,1975,8,19 Feb - 25 Feb,,,,0.75,0,0
20.79,1975,9,26 Feb - 04 Mar,,,,0.24,0,0
20.54,1975,10,05 Mar - 11 Mar,,,,-0.04,0,0
20.80,1975,11,12 Mar - 18 Mar,,,,0.38,0,0
20.76,1975,12,19 Mar - 25 Mar,,,,0.49,0,0
20.16,1975,13,26 Mar - 01 Apr,,,,0.06,0,0
19.43,1975,14,02 Apr - 08 Apr,,,,-0.30,0,0
19.47,1975,15,09 Apr - 15 Apr,,,,0.10,0,0
19.21,1975,16,16 Apr - 22 Apr,,,,0.15,0,0
18.79,1975,17,23 Apr - 29 Apr,,,,0.21,0,0
18.13,1975,18,30 Apr - 06 May,,,,-0.05,0,0
17.63,1975,19,07 May - 13 May,,,,-0.14,0,0
17.74,1975,20,14 May - 20 May,,,,0.39,0,0
17.34,1975,21,21 May - 27 May,,,,0.35,0,0
16.91,1975,22,28 May - 03 Jun,,,,0.39,0,0
16.57,1975,23,04 Jun - 10 Jun,,,,0.47,0,0
15.97,1975,24,11 Jun - 17 Jun,,,,0.26,0,0
15.31,1975,25,18 Jun - 24 Jun,,,,-0.02,0,0
14.71,1975,26,25 Jun - 01 Jul,,,,-0.35,0,0
13.83,1975,27,02 Jul - 08 Jul,,,,-0.93,0,13.82857143
14.26,1975,28,09 Jul - 15 Jul,,,,-0.23,0,0
14.37,1975,29,16 Jul - 22 Jul,,,,0.10,0,0
14.13,1975,30,23 Jul - 29 Jul,,,,0.03,0,0
13.99,1975,31,30 Jul - 05 Aug,,,,-0.04,0,0
13.69,1975,32,06 Aug - 12 Aug,,,,-0.30,0,0
14.11,1975,33,13 Aug - 19 Aug,,,,0.15,0,0
14.34,1975,34,20 Aug - 26 Aug,,,,0.39,0,0
14.33,1975,35,27 Aug - 02 Sep,,,,0.35,0,0
14.23,1975,36,03 Sep - 09 Sep,,,,0.14,0,0
14.44,1975,37,10 Sep - 16 Sep,,,,0.14,0,0
14.69,1975,38,17 Sep - 23 Sep,,,,0.18,0,0
14.53,1975,39,24 Sep - 30 Sep,,,,-0.18,0,0
15.33,1975,40,01 Oct - 07 Oct,,,,0.43,0,0
15.09,1975,41,08 Oct - 14 Oct,,,,0.00,0,0
15.64,1975,42,15 Oct - 21 Oct,,,,0.40,0,0
15.64,1975,43,22 Oct - 28 Oct,,,,0.02,0,0
16.29,1975,44,29 Oct - 4 Nov,,,,0.33,0,0
16.93,1975,45,5 Nov - 11 Nov,,,,0.57,0,0
17.26,1975,46,12 Nov - 18 Nov,,,,0.63,0,0
17.00,1975,47,19 Nov -25 Nov,,,,0.12,0,0
17.64,1975,48,26 Nov - 2 Dec,,,,0.49,0,0
18.53,1975,49,3 Dec - 9 Dec,,,,0.83,0,0
18.90,1975,50,10 Dec -16 Dec,,,,0.87,0,0
18.80,1975,51,17 Dec - 23 Dec,,,,0.36,0,0
17.65,1975,52,24 Dec - 30 Dec,,,,-1.04,0,0
18.60,1976,1,01 Jan - 07 Jan,,,,-0.69,0,0
19.46,1976,2,08 Jan - 14 Jan,,,,-0.26,0,0
20.10,1976,3,15 Jan - 21 Jan,,,,0.13,0,0
20.03,1976,4,22 Jan - 28 Jan,,,,-0.12,0,0
18.63,1976,5,29 Jan - 04 Feb,,,,-1.63,0,0
19.29,1976,6,05 Feb - 11 Feb,,,,-1.17,0,0
19.39,1976,7,12 Feb - 18 Feb,,,,-1.21,0,0
19.56,1976,8,19 Feb - 25 Feb,,,,-1.06,0,0
19.49,1976,9,26 Feb - 03 Mar,,,,-1.06,0,0
19.89,1976,10,04 Mar - 10 Mar,,,,-0.69,0,0
19.83,1976,11,11 Mar - 17 Mar,,,,-0.59,0,0
19.93,1976,12,18 Mar - 24 Mar,,,,-0.34,0,0
19.91,1976,13,25 Mar - 31 Mar,,,,-0.18,0,0
19.49,1976,14,01 Apr - 07 Apr,,,,-0.24,0,0
19.44,1976,15,08 Apr - 14 Apr,,,,0.07,0,0
18.81,1976,16,15 Apr - 21 Apr,,,,-0.25,0,0
18.23,1976,17,22 Apr - 28 Apr,,,,-0.35,0,0
18.04,1976,18,29 Apr - 05 May,,,,-0.13,0,0
17.44,1976,19,06 May - 12 May,,,,-0.32,0,0
16.83,1976,20,13 May - 19 May,,,,-0.53,0,0
16.36,1976,21,20 May - 26 May,,,,-0.64,0,0
16.46,1976,22,27 May - 02 Jun,,,,-0.06,0,0
15.93,1976,23,03 Jun - 09 Jun,,,,-0.17,0,0
15.13,1976,24,10 Jun - 16 Jun,,,,-0.58,0,0
14.70,1976,25,17 Jun - 23 Jun,,,,-0.63,0,0
14.21,1976,26,24 Jun - 30 Jun,,,,-0.85,0,0
14.49,1976,27,01 Jul - 07 Jul,,,,-0.27,0,0
14.40,1976,28,08 Jul - 14 Jul,,,,-0.09,0,0
13.91,1976,29,15 Jul - 21 Jul,,,,-0.36,0,0
14.00,1976,30,22 Jul - 28 Jul,,,,-0.10,0,0
13.70,1976,31,29 Jul - 04 Aug,,,,-0.32,0,0
13.61,1976,32,05 Aug - 11 Aug,,,,-0.37,0,0
13.76,1976,33,12 Aug - 18 Aug,,,,-0.20,0,0
13.77,1976,34,19 Aug - 25 Aug,,,,-0.18,0,0
13.60,1976,35,26 Aug - 01 Sep,,,,-0.38,0,0
13.56,1976,36,02 Sep - 08 Sep,,,,-0.53,0,0
14.16,1976,37,09 Sep - 15 Sep,,,,-0.15,0,0
14.21,1976,38,16 Sep - 22 Sep,,,,-0.29,0,0
14.56,1976,39,23 Sep - 29 Sep,,,,-0.15,0,0
14.87,1976,40,30 Sep - 06 Oct,,,,-0.02,0,0
15.23,1976,41,07 Oct - 13 Oct,,,,0.14,0,0
15.61,1976,42,14 Oct - 20 Oct,,,,0.38,0,0
15.61,1976,43,21 Oct - 27 Oct,,,,-0.01,0,0
15.53,1976,44,28 Oct - 03 Nov,,,,-0.42,0,0
15.77,1976,45,04 Nov - 10 Nov,,,,-0.59,0,0
15.60,1976,46,11 Nov - 17 Nov,,,,-1.02,0,0
15.97,1976,47,18 Nov -24 Nov,,,,-0.91,0,0
16.53,1976,48,25 Nov - 01 Dec,,,,-0.63,0,0
17.34,1976,49,02 Dec - 08 Dec,,,,-0.36,0,0
17.84,1976,50,09 Dec -15 Dec,,,,-0.19,0,0
18.01,1976,51,16 Dec - 22 Dec,,,,-0.42,0,0
17.77,1976,52,23 Dec - 29 Dec,,,,-0.92,0,0
17.54,1977,1,01 Jan - 07 Jan,,,,-1.75,0,0
18.10,1977,2,08 Jan - 14 Jan,,,,-1.62,0,0
18.83,1977,3,15 Jan - 21 Jan,,,,-1.14,0,0
19.09,1977,4,22 Jan - 28 Jan,,,,-1.07,0,0
19.81,1977,5,29 Jan - 04 Feb,,,,-0.45,0,0
20.09,1977,6,05 Feb - 11 Feb,,,,-0.37,0,0
20.10,1977,7,12 Feb - 18 Feb,,,,-0.50,0,0
20.37,1977,8,19 Feb - 25 Feb,,,,-0.25,0,0
20.73,1977,9,26 Feb - 04 Mar,,,,0.18,0,0
21.13,1977,10,05 Mar - 11 Mar,,,,0.55,0,0
21.13,1977,11,12 Mar - 18 Mar,,,,0.71,0,0
20.41,1977,12,19 Mar - 25 Mar,,,,0.14,0,0
20.40,1977,13,26 Mar - 01 Apr,,,,0.30,0,0
20.14,1977,14,02 Apr - 08 Apr,,,,0.41,0,0
19.71,1977,15,09 Apr - 15 Apr,,,,0.34,0,0
18.79,1977,16,16 Apr - 22 Apr,,,,-0.28,0,0
17.79,1977,17,23 Apr - 29 Apr,,,,-0.79,0,0
17.03,1977,18,30 Apr - 06 May,,,,-1.15,0,0
16.77,1977,19,07 May - 13 May,,,,-0.99,0,0
16.16,1977,20,14 May - 20 May,,,,-1.20,0,0
16.07,1977,21,21 May - 27 May,,,,-0.93,0,0
15.46,1977,22,28 May - 03 Jun,,,,-1.06,0,0
15.19,1977,23,04 Jun - 10 Jun,,,,-0.92,0,0
14.97,1977,24,11 Jun - 17 Jun,,,,-0.74,0,0
14.93,1977,25,18 Jun - 24 Jun,,,,-0.41,0,0
14.86,1977,26,25 Jun - 01 Jul,,,,-0.21,0,0
14.57,1977,27,02 Jul - 08 Jul,,,,-0.18,0,0
14.33,1977,28,09 Jul - 15 Jul,,,,-0.16,0,0
13.99,1977,29,16 Jul - 22 Jul,,,,-0.28,0,0
13.81,1977,30,23 Jul - 29 Jul,,,,-0.28,0,0
13.63,1977,31,30 Jul - 05 Aug,,,,-0.39,0,0
13.66,1977,32,06 Aug - 12 Aug,,,,-0.33,0,0
14.06,1977,33,13 Aug - 19 Aug,,,,0.10,0,0
14.01,1977,34,20 Aug - 26 Aug,,,,0.06,0,0
13.76,1977,35,27 Aug - 02 Sep,,,,-0.22,0,0
13.37,1977,36,03 Sep - 09 Sep,,,,-0.72,0,0
13.70,1977,37,10 Sep - 16 Sep,,,,-0.60,0,0
13.73,1977,38,17 Sep - 23 Sep,,,,-0.78,0,0
13.70,1977,39,24 Sep - 30 Sep,,,,-1.01,0,0
14.43,1977,40,01 Oct - 07 Oct,,,,-0.47,0,0
14.96,1977,41,08 Oct - 14 Oct,,,,-0.13,0,0
15.24,1977,42,15 Oct - 21 Oct,,,,0.00,0,0
15.19,1977,43,22 Oct - 28 Oct,,,,-0.44,0,0
15.11,1977,44,29 Oct - 4 Nov,,,,-0.84,0,0
15.61,1977,45,5 Nov - 11 Nov,,,,-0.75,0,0
16.30,1977,46,12 Nov - 18 Nov,,,,-0.32,0,0
16.57,1977,47,19 Nov -25 Nov,,,,-0.31,0,0
16.99,1977,48,26 Nov - 2 Dec,,,,-0.17,0,0
18.47,1977,49,3 Dec - 9 Dec,,,,0.77,0,0
16.16,1977,50,10 Dec -16 Dec,,,,-1.87,0,0
17.53,1977,51,17 Dec - 23 Dec,,,,-0.91,0,0
18.04,1977,52,24 Dec - 30 Dec,,,,-0.65,0,0
18.20,1978,1,01 Jan - 07 Jan,,,,-1.09,0,0
18.40,1978,2,08 Jan - 14 Jan,,,,-1.32,0,0
19.40,1978,3,15 Jan - 21 Jan,,,,-0.57,0,0
21.39,1978,4,22 Jan - 28 Jan,,,,1.23,0,0
21.34,1978,5,29 Jan - 04 Feb,,,,1.08,0,0
21.53,1978,6,05 Feb - 11 Feb,,,,1.07,0,0
21.61,1978,7,12 Feb - 18 Feb,,,,1.02,0,0
21.83,1978,8,19 Feb - 25 Feb,,,,1.21,0,0
21.93,1978,9,26 Feb - 04 Mar,,,,1.38,0,0
21.39,1978,10,05 Mar - 11 Mar,,,,0.81,0,0
21.54,1978,11,12 Mar - 18 Mar,,,,1.13,0,0
21.29,1978,12,19 Mar - 25 Mar,,,,1.02,0,0
20.80,1978,13,26 Mar - 01 Apr,,,,0.70,0,0
20.23,1978,14,02 Apr - 08 Apr,,,,0.50,0,0
20.57,1978,15,09 Apr - 15 Apr,,,,1.20,0,0
20.09,1978,16,16 Apr - 22 Apr,,,,1.02,0,0
19.36,1978,17,23 Apr - 29 Apr,,,,0.78,0,0
18.64,1978,18,30 Apr - 06 May,,,,0.47,0,0
18.23,1978,19,07 May - 13 May,,,,0.46,0,0
17.94,1978,20,14 May - 20 May,,,,0.59,0,0
17.21,1978,21,21 May - 27 May,,,,0.22,0,0
16.83,1978,22,28 May - 03 Jun,,,,0.31,0,0
16.50,1978,23,04 Jun - 10 Jun,,,,0.40,0,0
15.93,1978,24,11 Jun - 17 Jun,,,,0.22,0,0
15.94,1978,25,18 Jun - 24 Jun,,,,0.61,0,0
15.27,1978,26,25 Jun - 01 Jul,,,,0.21,0,0
15.07,1978,27,02 Jul - 08 Jul,,,,0.32,0,0
14.59,1978,28,09 Jul - 15 Jul,,,,0.10,0,0
14.60,1978,29,16 Jul - 22 Jul,,,,0.33,0,0
14.27,1978,30,23 Jul - 29 Jul,,,,0.17,0,0
14.19,1978,31,30 Jul - 05 Aug,,,,0.16,0,0
14.11,1978,32,06 Aug - 12 Aug,,,,0.13,0,0
14.19,1978,33,13 Aug - 19 Aug,,,,0.22,0,0
13.91,1978,34,20 Aug - 26 Aug,,,,-0.04,0,0
13.93,1978,35,27 Aug - 02 Sep,,,,-0.05,0,0
14.17,1978,36,03 Sep - 09 Sep,,,,0.08,0,0
14.64,1978,37,10 Sep - 16 Sep,,,,0.34,0,0
14.66,1978,38,17 Sep - 23 Sep,,,,0.15,0,0
14.84,1978,39,24 Sep - 30 Sep,,,,0.13,0,0
15.17,1978,40,01 Oct - 07 Oct,,,,0.28,0,0
15.26,1978,41,08 Oct - 14 Oct,,,,0.17,0,0
15.39,1978,42,15 Oct - 21 Oct,,,,0.15,0,0
15.47,1978,43,22 Oct - 28 Oct,,,,-0.15,0,0
16.16,1978,44,29 Oct - 4 Nov,,,,0.20,0,0
16.64,1978,45,5 Nov - 11 Nov,,,,0.28,0,0
15.93,1978,46,12 Nov - 18 Nov,,,,-0.69,0,0
17.33,1978,47,19 Nov -25 Nov,,,,0.45,0,0
18.14,1978,48,26 Nov - 2 Dec,,,,0.99,0,0
19.24,1978,49,3 Dec - 9 Dec,,,,1.54,0,0
17.36,1978,50,10 Dec -16 Dec,,,,-0.67,0,0
17.36,1978,51,17 Dec - 23 Dec,,,,-1.08,0,0
19.04,1978,52,24 Dec - 30 Dec,,,,0.35,0,0
19.81,1979,1,01 Jan - 07 Jan,,,,0.52,0,0
20.39,1979,2,08 Jan - 14 Jan,,,,0.67,0,0
20.69,1979,3,15 Jan - 21 Jan,,,,0.72,0,0
21.69,1979,4,22 Jan - 28 Jan,,,,1.53,0,0
20.73,1979,5,29 Jan - 04 Feb,,,,0.47,0,0
21.09,1979,6,05 Feb - 11 Feb,,,,0.63,0,0
20.09,1979,7,12 Feb - 18 Feb,,,,-0.51,0,0
20.04,1979,8,19 Feb - 25 Feb,,,,-0.58,0,0
19.87,1979,9,26 Feb - 04 Mar,,,,-0.68,0,0
20.80,1979,10,05 Mar - 11 Mar,,,,0.22,0,0
20.66,1979,11,12 Mar - 18 Mar,,,,0.24,0,0
20.96,1979,12,19 Mar - 25 Mar,,,,0.69,0,0
20.90,1979,13,26 Mar - 01 Apr,,,,0.80,0,0
20.40,1979,14,02 Apr - 08 Apr,,,,0.67,0,0
19.63,1979,15,09 Apr - 15 Apr,,,,0.26,0,0
19.29,1979,16,16 Apr - 22 Apr,,,,0.22,0,0
18.91,1979,17,23 Apr - 29 Apr,,,,0.34,0,0
18.31,1979,18,30 Apr - 06 May,,,,0.14,0,0
18.46,1979,19,07 May - 13 May,,,,0.69,0,0
16.77,1979,20,14 May - 20 May,,,,-0.59,0,0
16.21,1979,21,21 May - 27 May,,,,-0.78,0,0
16.29,1979,22,28 May - 03 Jun,,,,-0.24,0,0
15.60,1979,23,04 Jun - 10 Jun,,,,-0.50,0,0
15.49,1979,24,11 Jun - 17 Jun,,,,-0.23,0,0
15.19,1979,25,18 Jun - 24 Jun,,,,-0.15,0,0
15.61,1979,26,25 Jun - 01 Jul,,,,0.55,0,0
14.71,1979,27,02 Jul - 08 Jul,,,,-0.04,0,0
14.21,1979,28,09 Jul - 15 Jul,,,,-0.27,0,0
14.09,1979,29,16 Jul - 22 Jul,,,,-0.18,0,0
14.86,1979,30,23 Jul - 29 Jul,,,,0.76,0,0
15.34,1979,31,30 Jul - 05 Aug,,,,1.32,0,0
14.80,1979,32,06 Aug - 12 Aug,,,,0.81,0,0
14.79,1979,33,13 Aug - 19 Aug,,,,0.82,0,0
14.51,1979,34,20 Aug - 26 Aug,,,,0.56,0,0
14.73,1979,35,27 Aug - 02 Sep,,,,0.75,0,0
14.79,1979,36,03 Sep - 09 Sep,,,,0.70,0,0
14.90,1979,37,10 Sep - 16 Sep,,,,0.60,0,0
14.91,1979,38,17 Sep - 23 Sep,,,,0.41,0,0
14.90,1979,39,24 Sep - 30 Sep,,,,0.19,0,0
15.09,1979,40,01 Oct - 07 Oct,,,,0.19,0,0
15.76,1979,41,08 Oct - 14 Oct,,,,0.67,0,0
15.64,1979,42,15 Oct - 21 Oct,,,,0.40,0,0
15.76,1979,43,22 Oct - 28 Oct,,,,0.13,0,0
16.36,1979,44,29 Oct - 4 Nov,,,,0.40,0,0
16.97,1979,45,5 Nov - 11 Nov,,,,0.61,0,0
17.24,1979,46,12 Nov - 18 Nov,,,,0.62,0,0
17.89,1979,47,19 Nov -25 Nov,,,,1.01,0,0
19.07,1979,48,26 Nov - 2 Dec,,,,1.92,0,0
18.20,1979,49,3 Dec - 9 Dec,,,,0.50,0,0
19.00,1979,50,10 Dec -16 Dec,,,,0.97,0,0
19.16,1979,51,17 Dec - 23 Dec,,,,0.72,0,0
19.14,1979,52,24 Dec - 30 Dec,,,,0.45,0,0
19.56,1980,1,01 Jan - 07 Jan,,,,0.27,0,0
20.37,1980,2,08 Jan - 14 Jan,,,,0.65,0,0
18.84,1980,3,15 Jan - 21 Jan,,,,-1.13,0,0
18.60,1980,4,22 Jan - 28 Jan,,,,-1.55,0,0
20.84,1980,5,29 Jan - 04 Feb,,,,0.58,0,0
22.01,1980,6,05 Feb - 11 Feb,,,,1.55,0,0
20.21,1980,7,12 Feb - 18 Feb,,,,-0.38,0,0
19.91,1980,8,19 Feb - 25 Feb,,,,-0.70,0,0
19.27,1980,9,26 Feb - 03 Mar,,,,-1.28,0,0
19.69,1980,10,04 Mar - 10 Mar,,,,-0.89,0,0
19.60,1980,11,11 Mar - 17 Mar,,,,-0.82,0,0
19.07,1980,12,18 Mar - 24 Mar,,,,-1.20,0,0
19.29,1980,13,25 Mar - 31 Mar,,,,-0.81,0,0
17.87,1980,14,01 Apr - 07 Apr,,,,-1.86,0,0
17.89,1980,15,08 Apr - 14 Apr,,,,-1.49,0,0
17.91,1980,16,15 Apr - 21 Apr,,,,-1.15,0,0
18.17,1980,17,22 Apr - 28 Apr,,,,-0.41,0,0
17.36,1980,18,29 Apr - 05 May,,,,-0.82,0,0
17.20,1980,19,06 May - 12 May,,,,-0.56,0,0
17.27,1980,20,13 May - 19 May,,,,-0.09,0,0
16.41,1980,21,20 May - 26 May,,,,-0.58,0,0
16.23,1980,22,27 May - 02 Jun,,,,-0.29,0,0
16.19,1980,23,03 Jun - 09 Jun,,,,0.08,0,0
15.39,1980,24,10 Jun - 16 Jun,,,,-0.33,0,0
14.39,1980,25,17 Jun - 23 Jun,,,,-0.95,0,0
14.60,1980,26,24 Jun - 30 Jun,,,,-0.46,0,0
15.00,1980,27,01 Jul - 07 Jul,,,,0.25,0,0
13.97,1980,28,08 Jul - 14 Jul,,,,-0.52,0,0
13.77,1980,29,15 Jul - 21 Jul,,,,-0.50,0,0
13.41,1980,30,22 Jul - 28 Jul,,,,-0.68,0,0
13.29,1980,31,29 Jul - 04 Aug,,,,-0.74,0,0
13.16,1980,32,05 Aug - 11 Aug,,,,-0.83,0,0
13.23,1980,33,12 Aug - 18 Aug,,,,-0.73,0,0
13.34,1980,34,19 Aug - 25 Aug,,,,-0.61,0,0
13.54,1980,35,26 Aug - 01 Sep,,,,-0.44,0,0
13.81,1980,36,02 Sep - 08 Sep,,,,-0.28,0,0
13.99,1980,37,09 Sep - 15 Sep,,,,-0.32,0,0
14.03,1980,38,16 Sep - 22 Sep,,,,-0.48,0,0
14.19,1980,39,23 Sep - 29 Sep,,,,-0.53,0,0
14.54,1980,40,30 Sep - 06 Oct,,,,-0.35,0,0
15.09,1980,41,07 Oct - 13 Oct,,,,0.00,0,0
14.87,1980,42,14 Oct - 20 Oct,,,,-0.37,0,0
15.54,1980,43,21 Oct - 27 Oct,,,,-0.08,0,0
15.80,1980,44,28 Oct - 03 Nov,,,,-0.15,0,0
16.07,1980,45,04 Nov - 10 Nov,,,,-0.29,0,0
16.36,1980,46,11 Nov - 17 Nov,,,,-0.27,0,0
16.73,1980,47,18 Nov -24 Nov,,,,-0.15,0,0
14.87,1980,48,25 Nov - 01 Dec,,,,-2.28,0,0
16.24,1980,49,02 Dec - 08 Dec,,,,-1.46,0,0
16.91,1980,50,09 Dec -15 Dec,,,,-1.12,0,0
17.53,1980,51,16 Dec - 22 Dec,,,,-0.91,0,0
18.02,1980,52,23 Dec - 29 Dec,,,,-0.67,0,0
20.33,1981,1,01 Jan - 07 Jan,,,,1.04,0,0
20.77,1981,2,08 Jan - 14 Jan,,,,1.05,0,0
20.79,1981,3,15 Jan - 21 Jan,,,,0.82,0,0
21.13,1981,4,22 Jan - 28 Jan,,,,0.98,0,0
22.03,1981,5,29 Jan - 04 Feb,,,,1.77,0,0
21.39,1981,6,05 Feb - 11 Feb,,,,0.93,0,0
21.76,1981,7,12 Feb - 18 Feb,,,,1.16,0,0
21.60,1981,8,19 Feb - 25 Feb,,,,0.98,0,0
21.59,1981,9,26 Feb - 04 Mar,,,,1.04,0,0
21.51,1981,10,05 Mar - 11 Mar,,,,0.93,0,0
21.54,1981,11,12 Mar - 18 Mar,,,,1.13,0,0
21.50,1981,12,19 Mar - 25 Mar,,,,1.23,0,0
21.31,1981,13,26 Mar - 01 Apr,,,,1.22,0,0
21.29,1981,14,02 Apr - 08 Apr,,,,1.56,0,0
21.04,1981,15,09 Apr - 15 Apr,,,,1.67,0,0
20.47,1981,16,16 Apr - 22 Apr,,,,1.41,0,0
19.64,1981,17,23 Apr - 29 Apr,,,,1.06,0,0
19.31,1981,18,30 Apr - 06 May,,,,1.14,0,0
19.00,1981,19,07 May - 13 May,,,,1.24,0,0
18.26,1981,20,14 May - 20 May,,,,0.90,0,0
17.40,1981,21,21 May - 27 May,,,,0.40,0,0
17.27,1981,22,28 May - 03 Jun,,,,0.75,0,0
17.31,1981,23,04 Jun - 10 Jun,,,,1.21,0,0
16.61,1981,24,11 Jun - 17 Jun,,,,0.90,0,0
15.77,1981,25,18 Jun - 24 Jun,,,,0.44,0,0
15.59,1981,26,25 Jun - 01 Jul,,,,0.52,0,0
15.57,1981,27,02 Jul - 08 Jul,,,,0.82,0,0
14.73,1981,28,09 Jul - 15 Jul,,,,0.24,0,0
13.91,1981,29,16 Jul - 22 Jul,,,,-0.36,0,0
14.26,1981,30,23 Jul - 29 Jul,,,,0.16,0,0
14.03,1981,31,30 Jul - 05 Aug,,,,0.01,0,0
13.89,1981,32,06 Aug - 12 Aug,,,,-0.10,0,0
13.67,1981,33,13 Aug - 19 Aug,,,,-0.29,0,0
13.79,1981,34,20 Aug - 26 Aug,,,,-0.16,0,0
13.74,1981,35,27 Aug - 02 Sep,,,,-0.24,0,0
13.36,1981,36,03 Sep - 09 Sep,,,,-0.73,0,0
13.67,1981,37,10 Sep - 16 Sep,,,,-0.63,0,0
13.89,1981,38,17 Sep - 23 Sep,,,,-0.62,0,0
14.04,1981,39,24 Sep - 30 Sep,,,,-0.67,0,0
14.61,1981,40,01 Oct - 07 Oct,,,,-0.28,0,0
14.73,1981,41,08 Oct - 14 Oct,,,,-0.36,0,0
15.01,1981,42,15 Oct - 21 Oct,,,,-0.22,0,0
15.34,1981,43,22 Oct - 28 Oct,,,,-0.28,0,0
15.07,1981,44,29 Oct - 4 Nov,,,,-0.88,0,0
16.04,1981,45,5 Nov - 11 Nov,,,,-0.32,0,0
16.23,1981,46,12 Nov - 18 Nov,,,,-0.39,0,0
16.31,1981,47,19 Nov -25 Nov,,,,-0.56,0,0
17.34,1981,48,26 Nov - 2 Dec,,,,0.19,0,0
17.84,1981,49,3 Dec - 9 Dec,,,,0.14,0,0
17.69,1981,50,10 Dec -16 Dec,,,,-0.35,0,0
19.36,1981,51,17 Dec - 23 Dec,,,,0.92,0,0
20.15,1981,52,24 Dec - 30 Dec,,,,1.46,0,0
20.03,1982,1,01 Jan - 07 Jan,,,,0.74,0,0
20.34,1982,2,08 Jan - 14 Jan,,,,0.62,0,0
20.74,1982,3,15 Jan - 21 Jan,,,,0.77,0,0
19.99,1982,4,22 Jan - 28 Jan,,,,-0.17,0,0
20.29,1982,5,29 Jan - 04 Feb,,,,0.03,0,0
20.50,1982,6,05 Feb - 11 Feb,,,,0.04,0,0
20.17,1982,7,12 Feb - 18 Feb,,,,-0.43,0,0
20.56,1982,8,19 Feb - 25 Feb,,,,-0.06,0,0
20.53,1982,9,26 Feb - 04 Mar,,,,-0.02,0,0
20.14,1982,10,05 Mar - 11 Mar,,,,-0.44,0,0
20.07,1982,11,12 Mar - 18 Mar,,,,-0.35,0,0
20.07,1982,12,19 Mar - 25 Mar,,,,-0.20,0,0
20.23,1982,13,26 Mar - 01 Apr,,,,0.13,0,0
19.54,1982,14,02 Apr - 08 Apr,,,,-0.19,0,0
18.90,1982,15,09 Apr - 15 Apr,,,,-0.47,0,0
18.53,1982,16,16 Apr - 22 Apr,,,,-0.54,0,0
18.33,1982,17,23 Apr - 29 Apr,,,,-0.25,0,0
17.89,1982,18,30 Apr - 06 May,,,,-0.29,0,0
17.76,1982,19,07 May - 13 May,,,,-0.01,0,0
17.00,1982,20,14 May - 20 May,,,,-0.36,0,0
16.59,1982,21,21 May - 27 May,,,,-0.41,0,0
16.50,1982,22,28 May - 03 Jun,,,,-0.02,0,0
16.27,1982,23,04 Jun - 10 Jun,,,,0.17,0,0
15.39,1982,24,11 Jun - 17 Jun,,,,-0.33,0,0
14.77,1982,25,18 Jun - 24 Jun,,,,-0.56,0,0
14.90,1982,26,25 Jun - 01 Jul,,,,-0.16,0,0
14.73,1982,27,02 Jul - 08 Jul,,,,-0.03,0,0
13.97,1982,28,09 Jul - 15 Jul,,,,-0.52,0,0
13.93,1982,29,16 Jul - 22 Jul,,,,-0.34,0,0
13.90,1982,30,23 Jul - 29 Jul,,,,-0.20,0,0
13.81,1982,31,30 Jul - 05 Aug,,,,-0.21,0,0
13.79,1982,32,06 Aug - 12 Aug,,,,-0.20,0,0
14.03,1982,33,13 Aug - 19 Aug,,,,0.07,0,0
13.84,1982,34,20 Aug - 26 Aug,,,,-0.11,0,0
13.94,1982,35,27 Aug - 02 Sep,,,,-0.04,0,0
14.03,1982,36,03 Sep - 09 Sep,,,,-0.06,0,0
14.29,1982,37,10 Sep - 16 Sep,,,,-0.02,0,0
14.79,1982,38,17 Sep - 23 Sep,,,,0.28,0,0
15.01,1982,39,24 Sep - 30 Sep,,,,0.30,0,0
14.90,1982,40,01 Oct - 07 Oct,,,,0.01,0,0
15.11,1982,41,08 Oct - 14 Oct,,,,0.03,0,0
15.04,1982,42,15 Oct - 21 Oct,,,,-0.20,0,0
14.96,1982,43,22 Oct - 28 Oct,,,,-0.67,0,0
15.31,1982,44,29 Oct - 4 Nov,,,,-0.64,0,0
16.27,1982,45,5 Nov - 11 Nov,,,,-0.09,0,0
16.17,1982,46,12 Nov - 18 Nov,,,,-0.45,0,0
16.04,1982,47,19 Nov -25 Nov,,,,-0.83,0,0
16.07,1982,48,26 Nov - 2 Dec,,,,-1.08,0,0
16.57,1982,49,3 Dec - 9 Dec,,,,-1.13,0,0
16.67,1982,50,10 Dec -16 Dec,,,,-1.36,0,0
17.17,1982,51,17 Dec - 23 Dec,,,,-1.27,0,0
17.09,1982,52,24 Dec - 30 Dec,,,,-1.60,0,0
17.77,1983,1,01 Jan - 07 Jan,,,,-1.52,0,0
18.30,1983,2,08 Jan - 14 Jan,,,,-1.42,0,0
17.30,1983,3,15 Jan - 21 Jan,,,,-2.67,0,0
16.90,1983,4,22 Jan - 28 Jan,,,,-3.25,0,0
17.74,1983,5,29 Jan - 04 Feb,,,,-2.52,0,0
17.34,1983,6,05 Feb - 11 Feb,,,,-3.12,0,0
17.89,1983,7,12 Feb - 18 Feb,,,,-2.71,0,0
18.71,1983,8,19 Feb - 25 Feb,,,,-1.90,0,0
18.59,1983,9,26 Feb - 04 Mar,,,,-1.96,0,0
18.89,1983,10,05 Mar - 11 Mar,,,,-1.69,0,0
19.19,1983,11,12 Mar - 18 Mar,,,,-1.23,0,0
19.31,1983,12,19 Mar - 25 Mar,,,,-0.96,0,0
18.66,1983,13,26 Mar - 01 Apr,,,,-1.44,0,0
18.46,1983,14,02 Apr - 08 Apr,,,,-1.27,0,0
18.27,1983,15,09 Apr - 15 Apr,,,,-1.10,0,0
18.44,1983,16,16 Apr - 22 Apr,,,,-0.62,0,0
18.00,1983,17,23 Apr - 29 Apr,,,,-0.58,0,0
17.80,1983,18,30 Apr - 06 May,,,,-0.38,0,0
16.49,1983,19,07 May - 13 May,,,,-1.28,0,0
15.90,1983,20,14 May - 20 May,,,,-1.46,0,0
15.36,1983,21,21 May - 27 May,,,,-1.64,0,0
15.43,1983,22,28 May - 03 Jun,,,,-1.09,0,0
15.19,1983,23,04 Jun - 10 Jun,,,,-0.92,0,0
15.03,1983,24,11 Jun - 17 Jun,,,,-0.68,0,0
14.21,1983,25,18 Jun - 24 Jun,,,,-1.12,0,0
14.29,1983,26,25 Jun - 01 Jul,,,,-0.78,0,0
13.74,1983,27,02 Jul - 08 Jul,,,,-1.01,0,13.74285714
14.21,1983,28,09 Jul - 15 Jul,,,,-0.27,0,0
13.89,1983,29,16 Jul - 22 Jul,,,,-0.38,0,0
13.66,1983,30,23 Jul - 29 Jul,,,,-0.44,0,0
13.90,1983,31,30 Jul - 05 Aug,,,,-0.12,0,0
13.83,1983,32,06 Aug - 12 Aug,,,,-0.16,0,0
13.33,1983,33,13 Aug - 19 Aug,,,,-0.63,0,0
13.37,1983,34,20 Aug - 26 Aug,,,,-0.58,0,0
13.24,1983,35,27 Aug - 02 Sep,,,,-0.74,0,0
13.69,1983,36,03 Sep - 09 Sep,,,,-0.40,0,0
14.00,1983,37,10 Sep - 16 Sep,,,,-0.30,0,0
14.17,1983,38,17 Sep - 23 Sep,,,,-0.33,0,0
14.36,1983,39,24 Sep - 30 Sep,,,,-0.35,0,0
14.77,1983,40,01 Oct - 07 Oct,,,,-0.12,0,0
14.84,1983,41,08 Oct - 14 Oct,,,,-0.24,0,0
15.51,1983,42,15 Oct - 21 Oct,,,,0.28,0,0
15.40,1983,43,22 Oct - 28 Oct,,,,-0.22,0,0
15.80,1983,44,29 Oct - 4 Nov,,,,-0.15,0,0
16.24,1983,45,5 Nov - 11 Nov,,,,-0.12,0,0
17.07,1983,46,12 Nov - 18 Nov,,,,0.45,0,0
16.96,1983,47,19 Nov -25 Nov,,,,0.08,0,0
17.79,1983,48,26 Nov - 2 Dec,,,,0.63,0,0
18.30,1983,49,3 Dec - 9 Dec,,,,0.60,0,0
18.31,1983,50,10 Dec -16 Dec,,,,0.28,0,0
18.00,1983,51,17 Dec - 23 Dec,,,,-0.44,0,0
18.31,1983,52,24 Dec - 30 Dec,,,,-0.38,0,0
18.91,1984,1,01 Jan - 07 Jan,,,,-0.38,0,0
19.14,1984,2,08 Jan - 14 Jan,,,,-0.58,0,0
18.64,1984,3,15 Jan - 21 Jan,,,,-1.33,0,0
18.81,1984,4,22 Jan - 28 Jan,,,,-1.34,0,0
19.33,1984,5,29 Jan - 04 Feb,,,,-0.93,0,0
19.61,1984,6,05 Feb - 11 Feb,,,,-0.85,0,0
19.36,1984,7,12 Feb - 18 Feb,,,,-1.24,0,0
19.90,1984,8,19 Feb - 25 Feb,,,,-0.72,0,0
20.47,1984,9,26 Feb - 03 Mar,,,,-0.08,0,0
20.59,1984,10,04 Mar - 10 Mar,,,,0.01,0,0
20.06,1984,11,11 Mar - 17 Mar,,,,-0.36,0,0
19.47,1984,12,18 Mar - 24 Mar,,,,-0.80,0,0
19.56,1984,13,25 Mar - 31 Mar,,,,-0.54,0,0
19.67,1984,14,01 Apr - 07 Apr,,,,-0.06,0,0
19.01,1984,15,08 Apr - 14 Apr,,,,-0.36,0,0
18.99,1984,16,15 Apr - 21 Apr,,,,-0.08,0,0
18.67,1984,17,22 Apr - 28 Apr,,,,0.09,0,0
17.77,1984,18,29 Apr - 05 May,,,,-0.41,0,0
17.43,1984,19,06 May - 12 May,,,,-0.34,0,0
17.29,1984,20,13 May - 19 May,,,,-0.07,0,0
16.40,1984,21,20 May - 26 May,,,,-0.60,0,0
15.87,1984,22,27 May - 02 Jun,,,,-0.65,0,0
15.97,1984,23,03 Jun - 09 Jun,,,,-0.13,0,0
15.59,1984,24,10 Jun - 16 Jun,,,,-0.13,0,0
15.80,1984,25,17 Jun - 23 Jun,,,,0.47,0,0
15.39,1984,26,24 Jun - 30 Jun,,,,0.32,0,0
15.76,1984,27,01 Jul - 07 Jul,,,,1.00,0,0
15.33,1984,28,08 Jul - 14 Jul,,,,0.84,0,0
14.39,1984,29,15 Jul - 21 Jul,,,,0.12,0,0
14.47,1984,30,22 Jul - 28 Jul,,,,0.37,0,0
14.34,1984,31,29 Jul - 04 Aug,,,,0.32,0,0
14.24,1984,32,05 Aug - 11 Aug,,,,0.25,0,0
14.76,1984,33,12 Aug - 18 Aug,,,,0.80,0,0
14.56,1984,34,19 Aug - 25 Aug,,,,0.61,0,0
14.56,1984,35,26 Aug - 01 Sep,,,,0.58,0,0
14.73,1984,36,02 Sep - 08 Sep,,,,0.64,0,0
14.81,1984,37,09 Sep - 15 Sep,,,,0.51,0,0
14.73,1984,38,16 Sep - 22 Sep,,,,0.22,0,0
15.00,1984,39,23 Sep - 29 Sep,,,,0.29,0,0
14.76,1984,40,30 Sep - 06 Oct,,,,-0.14,0,0
15.09,1984,41,07 Oct - 13 Oct,,,,0.00,0,0
15.77,1984,42,14 Oct - 20 Oct,,,,0.53,0,0
15.64,1984,43,21 Oct - 27 Oct,,,,0.02,0,0
16.41,1984,44,28 Oct - 03 Nov,,,,0.46,0,0
16.97,1984,45,04 Nov - 10 Nov,,,,0.61,0,0
17.66,1984,46,11 Nov - 17 Nov,,,,1.03,0,0
17.14,1984,47,18 Nov -24 Nov,,,,0.27,0,0
17.31,1984,48,25 Nov - 01 Dec,,,,0.16,0,0
18.89,1984,49,02 Dec - 08 Dec,,,,1.19,0,0
18.99,1984,50,09 Dec -15 Dec,,,,0.95,0,0
19.54,1984,51,16 Dec - 22 Dec,,,,1.11,0,0
20.81,1984,52,23 Dec - 29 Dec,,,,2.12,0,0
21.46,1985,1,01 Jan - 07 Jan,,,,2.17,0,0
20.64,1985,2,08 Jan - 14 Jan,,,,0.92,0,0
21.14,1985,3,15 Jan - 21 Jan,,,,1.17,0,0
19.33,1985,4,22 Jan - 28 Jan,,,,-0.82,0,0
21.19,1985,5,29 Jan - 04 Feb,,,,0.93,0,0
21.21,1985,6,05 Feb - 11 Feb,,,,0.75,0,0
21.06,1985,7,12 Feb - 18 Feb,,,,0.46,0,0
20.89,1985,8,19 Feb - 25 Feb,,,,0.27,0,0
21.09,1985,9,26 Feb - 04 Mar,,,,0.54,0,0
21.36,1985,10,05 Mar - 11 Mar,,,,0.78,0,0
20.87,1985,11,12 Mar - 18 Mar,,,,0.45,0,0
20.69,1985,12,19 Mar - 25 Mar,,,,0.42,0,0
19.83,1985,13,26 Mar - 01 Apr,,,,-0.27,0,0
19.34,1985,14,02 Apr - 08 Apr,,,,-0.39,0,0
19.09,1985,15,09 Apr - 15 Apr,,,,-0.29,0,0
19.16,1985,16,16 Apr - 22 Apr,,,,0.09,0,0
18.47,1985,17,23 Apr - 29 Apr,,,,-0.11,0,0
18.04,1985,18,30 Apr - 06 May,,,,-0.13,0,0
17.89,1985,19,07 May - 13 May,,,,0.12,0,0
16.63,1985,20,14 May - 20 May,,,,-0.73,0,0
16.89,1985,21,21 May - 27 May,,,,-0.11,0,0
16.16,1985,22,28 May - 03 Jun,,,,-0.36,0,0
16.17,1985,23,04 Jun - 10 Jun,,,,0.07,0,0
16.03,1985,24,11 Jun - 17 Jun,,,,0.32,0,0
15.89,1985,25,18 Jun - 24 Jun,,,,0.55,0,0
15.51,1985,26,25 Jun - 01 Jul,,,,0.45,0,0
14.86,1985,27,02 Jul - 08 Jul,,,,0.10,0,0
15.03,1985,28,09 Jul - 15 Jul,,,,0.54,0,0
15.03,1985,29,16 Jul - 22 Jul,,,,0.76,0,0
14.44,1985,30,23 Jul - 29 Jul,,,,0.35,0,0
14.44,1985,31,30 Jul - 05 Aug,,,,0.42,0,0
14.20,1985,32,06 Aug - 12 Aug,,,,0.21,0,0
13.60,1985,33,13 Aug - 19 Aug,,,,-0.36,0,0
14.27,1985,34,20 Aug - 26 Aug,,,,0.32,0,0
14.39,1985,35,27 Aug - 02 Sep,,,,0.41,0,0
14.56,1985,36,03 Sep - 09 Sep,,,,0.47,0,0
14.54,1985,37,10 Sep - 16 Sep,,,,0.24,0,0
14.33,1985,38,17 Sep - 23 Sep,,,,-0.18,0,0
14.70,1985,39,24 Sep - 30 Sep,,,,-0.01,0,0
15.31,1985,40,01 Oct - 07 Oct,,,,0.42,0,0
15.66,1985,41,08 Oct - 14 Oct,,,,0.57,0,0
15.20,1985,42,15 Oct - 21 Oct,,,,-0.04,0,0
15.36,1985,43,22 Oct - 28 Oct,,,,-0.27,0,0
15.77,1985,44,29 Oct - 4 Nov,,,,-0.18,0,0
16.01,1985,45,5 Nov - 11 Nov,,,,-0.35,0,0
17.01,1985,46,12 Nov - 18 Nov,,,,0.39,0,0
17.01,1985,47,19 Nov -25 Nov,,,,0.14,0,0
17.37,1985,48,26 Nov - 2 Dec,,,,0.22,0,0
17.76,1985,49,3 Dec - 9 Dec,,,,0.06,0,0
18.77,1985,50,10 Dec -16 Dec,,,,0.74,0,0
19.22,1985,51,17 Dec - 23 Dec,,,,0.78,0,0
19.34,1985,52,24 Dec - 30 Dec,,,,0.65,0,0
20.21,1986,1,01 Jan - 07 Jan,,,,0.92,0,0
20.49,1986,2,08 Jan - 14 Jan,,,,0.77,0,0
21.91,1986,3,15 Jan - 21 Jan,,,,1.94,0,0
20.69,1986,4,22 Jan - 28 Jan,,,,0.53,0,0
20.32,1986,5,29 Jan - 04 Feb,,,,0.06,0,0
20.93,1986,6,05 Feb - 11 Feb,,,,0.47,0,0
21.11,1986,7,12 Feb - 18 Feb,,,,0.52,0,0
21.13,1986,8,19 Feb - 25 Feb,,,,0.51,0,0
20.70,1986,9,26 Feb - 04 Mar,,,,0.15,0,0
21.20,1986,10,05 Mar - 11 Mar,,,,0.62,0,0
21.23,1986,11,12 Mar - 18 Mar,,,,0.81,0,0
21.29,1986,12,19 Mar - 25 Mar,,,,1.02,0,0
20.40,1986,13,26 Mar - 01 Apr,,,,0.30,0,0
19.81,1986,14,02 Apr - 08 Apr,,,,0.08,0,0
19.34,1986,15,09 Apr - 15 Apr,,,,-0.03,0,0
18.97,1986,16,16 Apr - 22 Apr,,,,-0.09,0,0
19.37,1986,17,23 Apr - 29 Apr,,,,0.79,0,0
18.64,1986,18,30 Apr - 06 May,,,,0.47,0,0
18.17,1986,19,07 May - 13 May,,,,0.40,0,0
17.97,1986,20,14 May - 20 May,,,,0.61,0,0
17.60,1986,21,21 May - 27 May,,,,0.60,0,0
16.70,1986,22,28 May - 03 Jun,,,,0.18,0,0
16.46,1986,23,04 Jun - 10 Jun,,,,0.35,0,0
16.16,1986,24,11 Jun - 17 Jun,,,,0.44,0,0
15.53,1986,25,18 Jun - 24 Jun,,,,0.19,0,0
15.07,1986,26,25 Jun - 01 Jul,,,,0.01,0,0
14.47,1986,27,02 Jul - 08 Jul,,,,-0.28,0,0
14.37,1986,28,09 Jul - 15 Jul,,,,-0.12,0,0
14.57,1986,29,16 Jul - 22 Jul,,,,0.30,0,0
14.16,1986,30,23 Jul - 29 Jul,,,,0.06,0,0
14.01,1986,31,30 Jul - 05 Aug,,,,-0.01,0,0
14.27,1986,32,06 Aug - 12 Aug,,,,0.28,0,0
13.97,1986,33,13 Aug - 19 Aug,,,,0.01,0,0
13.94,1986,34,20 Aug - 26 Aug,,,,-0.01,0,0
13.33,1986,35,27 Aug - 02 Sep,,,,-0.65,0,0
13.63,1986,36,03 Sep - 09 Sep,,,,-0.46,0,0
14.10,1986,37,10 Sep - 16 Sep,,,,-0.20,0,0
14.17,1986,38,17 Sep - 23 Sep,,,,-0.33,0,0
14.46,1986,39,24 Sep - 30 Sep,,,,-0.25,0,0
14.73,1986,40,01 Oct - 07 Oct,,,,-0.17,0,0
15.09,1986,41,08 Oct - 14 Oct,,,,0.00,0,0
15.49,1986,42,15 Oct - 21 Oct,,,,0.25,0,0
15.36,1986,43,22 Oct - 28 Oct,,,,-0.27,0,0
15.91,1986,44,29 Oct - 4 Nov,,,,-0.04,0,0
16.47,1986,45,5 Nov - 11 Nov,,,,0.11,0,0
16.56,1986,46,12 Nov - 18 Nov,,,,-0.07,0,0
17.23,1986,47,19 Nov -25 Nov,,,,0.35,0,0
16.56,1986,48,26 Nov - 2 Dec,,,,-0.60,0,0
17.13,1986,49,3 Dec - 9 Dec,,,,-0.57,0,0
18.57,1986,50,10 Dec -16 Dec,,,,0.54,0,0
18.76,1986,51,17 Dec - 23 Dec,,,,0.32,0,0
18.74,1986,52,24 Dec - 30 Dec,,,,0.05,0,0
19.36,1987,1,01 Jan - 07 Jan,,,,0.07,0,0
19.56,1987,2,08 Jan - 14 Jan,,,,-0.16,0,0
20.27,1987,3,15 Jan - 21 Jan,,,,0.30,0,0
18.56,1987,4,22 Jan - 28 Jan,,,,-1.60,0,0
19.80,1987,5,29 Jan - 04 Feb,,,,-0.46,0,0
20.13,1987,6,05 Feb - 11 Feb,,,,-0.33,0,0
20.06,1987,7,12 Feb - 18 Feb,,,,-0.54,0,0
19.91,1987,8,19 Feb - 25 Feb,,,,-0.70,0,0
19.77,1987,9,26 Feb - 04 Mar,,,,-0.78,0,0
19.70,1987,10,05 Mar - 11 Mar,,,,-0.88,0,0
18.80,1987,11,12 Mar - 18 Mar,,,,-1.62,0,0
19.10,1987,12,19 Mar - 25 Mar,,,,-1.17,0,0
18.76,1987,13,26 Mar - 01 Apr,,,,-1.34,0,0
18.14,1987,14,02 Apr - 08 Apr,,,,-1.59,0,0
18.54,1987,15,09 Apr - 15 Apr,,,,-0.83,0,0
18.64,1987,16,16 Apr - 22 Apr,,,,-0.42,0,0
17.80,1987,17,23 Apr - 29 Apr,,,,-0.78,0,0
17.13,1987,18,30 Apr - 06 May,,,,-1.05,0,0
16.89,1987,19,07 May - 13 May,,,,-0.88,0,0
17.14,1987,20,14 May - 20 May,,,,-0.21,0,0
16.56,1987,21,21 May - 27 May,,,,-0.44,0,0
16.51,1987,22,28 May - 03 Jun,,,,-0.01,0,0
15.81,1987,23,04 Jun - 10 Jun,,,,-0.29,0,0
15.66,1987,24,11 Jun - 17 Jun,,,,-0.06,0,0
15.19,1987,25,18 Jun - 24 Jun,,,,-0.15,0,0
15.07,1987,26,25 Jun - 01 Jul,,,,0.01,0,0
14.50,1987,27,02 Jul - 08 Jul,,,,-0.25,0,0
14.49,1987,28,09 Jul - 15 Jul,,,,0.00,0,0
14.27,1987,29,16 Jul - 22 Jul,,,,0.00,0,0
13.87,1987,30,23 Jul - 29 Jul,,,,-0.23,0,0
13.86,1987,31,30 Jul - 05 Aug,,,,-0.16,0,0
14.07,1987,32,06 Aug - 12 Aug,,,,0.08,0,0
13.90,1987,33,13 Aug - 19 Aug,,,,-0.06,0,0
14.16,1987,34,20 Aug - 26 Aug,,,,0.21,0,0
14.39,1987,35,27 Aug - 02 Sep,,,,0.41,0,0
14.47,1987,36,03 Sep - 09 Sep,,,,0.38,0,0
14.31,1987,37,10 Sep - 16 Sep,,,,0.01,0,0
14.37,1987,38,17 Sep - 23 Sep,,,,-0.13,0,0
14.23,1987,39,24 Sep - 30 Sep,,,,-0.48,0,0
14.24,1987,40,01 Oct - 07 Oct,,,,-0.65,0,0
14.46,1987,41,08 Oct - 14 Oct,,,,-0.63,0,0
14.50,1987,42,15 Oct - 21 Oct,,,,-0.74,0,0
15.41,1987,43,22 Oct - 28 Oct,,,,-0.21,0,0
15.57,1987,44,29 Oct - 4 Nov,,,,-0.38,0,0
15.79,1987,45,5 Nov - 11 Nov,,,,-0.58,0,0
16.77,1987,46,12 Nov - 18 Nov,,,,0.15,0,0
17.31,1987,47,19 Nov -25 Nov,,,,0.44,0,0
16.93,1987,48,26 Nov - 2 Dec,,,,-0.23,0,0
16.93,1987,49,3 Dec - 9 Dec,,,,-0.77,0,0
17.86,1987,50,10 Dec -16 Dec,,,,-0.17,0,0
19.43,1987,51,17 Dec - 23 Dec,,,,0.99,0,0
18.33,1987,52,24 Dec - 30 Dec,,,,-0.36,0,0
18.90,1988,1,01 Jan - 07 Jan,,,,-0.39,0,0
19.51,1988,2,08 Jan - 14 Jan,,,,-0.20,0,0
19.70,1988,3,15 Jan - 21 Jan,,,,-0.27,0,0
19.73,1988,4,22 Jan - 28 Jan,,,,-0.42,0,0
20.80,1988,5,29 Jan - 04 Feb,,,,0.54,0,0
21.11,1988,6,05 Feb - 11 Feb,,,,0.65,0,0
21.67,1988,7,12 Feb - 18 Feb,,,,1.07,0,0
20.63,1988,8,19 Feb - 25 Feb,,,,0.01,0,0
19.49,1988,9,26 Feb - 03 Mar,,,,-1.06,0,0
20.20,1988,10,04 Mar - 10 Mar,,,,-0.38,0,0
20.07,1988,11,11 Mar - 17 Mar,,,,-0.35,0,0
19.47,1988,12,18 Mar - 24 Mar,,,,-0.80,0,0
19.74,1988,13,25 Mar - 31 Mar,,,,-0.36,0,0
19.53,1988,14,01 Apr - 07 Apr,,,,-0.20,0,0
18.83,1988,15,08 Apr - 14 Apr,,,,-0.54,0,0
18.67,1988,16,15 Apr - 21 Apr,,,,-0.39,0,0
18.27,1988,17,22 Apr - 28 Apr,,,,-0.31,0,0
17.73,1988,18,29 Apr - 05 May,,,,-0.45,0,0
17.80,1988,19,06 May - 12 May,,,,0.04,0,0
17.33,1988,20,13 May - 19 May,,,,-0.03,0,0
17.06,1988,21,20 May - 26 May,,,,0.06,0,0
16.84,1988,22,27 May - 02 Jun,,,,0.32,0,0
16.30,1988,23,03 Jun - 09 Jun,,,,0.20,0,0
15.91,1988,24,10 Jun - 16 Jun,,,,0.20,0,0
15.91,1988,25,17 Jun - 23 Jun,,,,0.58,0,0
15.11,1988,26,24 Jun - 30 Jun,,,,0.05,0,0
14.84,1988,27,01 Jul - 07 Jul,,,,0.09,0,0
14.74,1988,28,08 Jul - 14 Jul,,,,0.26,0,0
14.63,1988,29,15 Jul - 21 Jul,,,,0.36,0,0
14.60,1988,30,22 Jul - 28 Jul,,,,0.50,0,0
14.51,1988,31,29 Jul - 04 Aug,,,,0.49,0,0
14.96,1988,32,05 Aug - 11 Aug,,,,0.97,0,0
14.20,1988,33,12 Aug - 18 Aug,,,,0.24,0,0
14.70,1988,34,19 Aug - 25 Aug,,,,0.75,0,0
14.37,1988,35,26 Aug - 01 Sep,,,,0.39,0,0
14.14,1988,36,02 Sep - 08 Sep,,,,0.05,0,0
14.21,1988,37,09 Sep - 15 Sep,,,,-0.09,0,0
14.80,1988,38,16 Sep - 22 Sep,,,,0.30,0,0
14.99,1988,39,23 Sep - 29 Sep,,,,0.27,0,0
14.74,1988,40,30 Sep - 06 Oct,,,,-0.15,0,0
14.57,1988,41,07 Oct - 13 Oct,,,,-0.51,0,0
14.79,1988,42,14 Oct - 20 Oct,,,,-0.45,0,0
15.47,1988,43,21 Oct - 27 Oct,,,,-0.15,0,0
16.29,1988,44,28 Oct - 03 Nov,,,,0.33,0,0
15.61,1988,45,04 Nov - 10 Nov,,,,-0.75,0,0
16.24,1988,46,11 Nov - 17 Nov,,,,-0.38,0,0
17.16,1988,47,18 Nov -24 Nov,,,,0.28,0,0
17.47,1988,48,25 Nov - 01 Dec,,,,0.32,0,0
18.51,1988,49,02 Dec - 08 Dec,,,,0.81,0,0
18.56,1988,50,09 Dec -15 Dec,,,,0.53,0,0
19.49,1988,51,16 Dec - 22 Dec,,,,1.05,0,0
20.14,1988,52,23 Dec - 29 Dec,,,,1.46,0,0
20.49,1989,1,01 Jan - 07 Jan,,,,1.20,0,0
20.63,1989,2,08 Jan - 14 Jan,,,,0.91,0,0
20.90,1989,3,15 Jan - 21 Jan,,,,0.93,0,0
20.94,1989,4,22 Jan - 28 Jan,,,,0.79,0,0
21.03,1989,5,29 Jan - 04 Feb,,,,0.77,0,0
20.47,1989,6,05 Feb - 11 Feb,,,,0.01,0,0
21.34,1989,7,12 Feb - 18 Feb,,,,0.74,0,0
21.69,1989,8,19 Feb - 25 Feb,,,,1.07,0,0
21.24,1989,9,26 Feb - 04 Mar,,,,0.70,0,0
21.79,1989,10,05 Mar - 11 Mar,,,,1.21,0,0
21.47,1989,11,12 Mar - 18 Mar,,,,1.05,0,0
20.56,1989,12,19 Mar - 25 Mar,,,,0.29,0,0
20.49,1989,13,26 Mar - 01 Apr,,,,0.39,0,0
20.30,1989,14,02 Apr - 08 Apr,,,,0.57,0,0
19.66,1989,15,09 Apr - 15 Apr,,,,0.28,0,0
19.54,1989,16,16 Apr - 22 Apr,,,,0.48,0,0
18.97,1989,17,23 Apr - 29 Apr,,,,0.39,0,0
19.21,1989,18,30 Apr - 06 May,,,,1.04,0,0
18.30,1989,19,07 May - 13 May,,,,0.54,0,0
18.06,1989,20,14 May - 20 May,,,,0.70,0,0
17.73,1989,21,21 May - 27 May,,,,0.73,0,0
17.09,1989,22,28 May - 03 Jun,,,,0.56,0,0
16.91,1989,23,04 Jun - 10 Jun,,,,0.81,0,0
17.00,1989,24,11 Jun - 17 Jun,,,,1.29,0,0
15.93,1989,25,18 Jun - 24 Jun,,,,0.59,0,0
15.46,1989,26,25 Jun - 01 Jul,,,,0.39,0,0
15.16,1989,27,02 Jul - 08 Jul,,,,0.40,0,0
15.54,1989,28,09 Jul - 15 Jul,,,,1.06,0,0
14.96,1989,29,16 Jul - 22 Jul,,,,0.69,0,0
14.14,1989,30,23 Jul - 29 Jul,,,,0.05,0,0
14.47,1989,31,30 Jul - 05 Aug,,,,0.45,0,0
14.43,1989,32,06 Aug - 12 Aug,,,,0.44,0,0
13.37,1989,33,13 Aug - 19 Aug,,,,-0.59,0,0
13.87,1989,34,20 Aug - 26 Aug,,,,-0.08,0,0
14.21,1989,35,27 Aug - 02 Sep,,,,0.23,0,0
14.17,1989,36,03 Sep - 09 Sep,,,,0.08,0,0
14.57,1989,37,10 Sep - 16 Sep,,,,0.26,0,0
15.11,1989,38,17 Sep - 23 Sep,,,,0.61,0,0
15.79,1989,39,24 Sep - 30 Sep,,,,1.07,0,0
16.07,1989,40,01 Oct - 07 Oct,,,,1.18,0,0
15.91,1989,41,08 Oct - 14 Oct,,,,0.83,0,0
15.57,1989,42,15 Oct - 21 Oct,,,,0.33,0,0
15.66,1989,43,22 Oct - 28 Oct,,,,0.03,0,0
16.66,1989,44,29 Oct - 4 Nov,,,,0.70,0,0
17.51,1989,45,5 Nov - 11 Nov,,,,1.15,0,0
17.61,1989,46,12 Nov - 18 Nov,,,,0.99,0,0
17.69,1989,47,19 Nov -25 Nov,,,,0.81,0,0
17.83,1989,48,26 Nov - 2 Dec,,,,0.67,0,0
18.27,1989,49,3 Dec - 9 Dec,,,,0.57,0,0
18.77,1989,50,10 Dec -16 Dec,,,,0.74,0,0
18.43,1989,51,17 Dec - 23 Dec,,,,-0.01,0,0
17.73,1989,52,24 Dec - 30 Dec,,,,-0.96,0,0
18.50,1990,1,01 Jan - 07 Jan,,,,-0.79,0,0
18.89,1990,2,08 Jan - 14 Jan,,,,-0.83,0,0
18.51,1990,3,15 Jan - 21 Jan,,,,-1.46,0,0
19.77,1990,4,22 Jan - 28 Jan,,,,-0.38,0,0
20.43,1990,5,29 Jan - 04 Feb,,,,0.17,0,0
21.43,1990,6,05 Feb - 11 Feb,,,,0.97,0,0
22.11,1990,7,12 Feb - 18 Feb,,,,1.52,0,0
22.10,1990,8,19 Feb - 25 Feb,,,,1.48,0,0
21.24,1990,9,26 Feb - 04 Mar,,,,0.70,0,0
21.61,1990,10,05 Mar - 11 Mar,,,,1.03,0,0
20.69,1990,11,12 Mar - 18 Mar,,,,0.27,0,0
21.10,1990,12,19 Mar - 25 Mar,,,,0.83,0,0
20.60,1990,13,26 Mar - 01 Apr,,,,0.50,0,0
20.11,1990,14,02 Apr - 08 Apr,,,,0.38,0,0
20.07,1990,15,09 Apr - 15 Apr,,,,0.70,0,0
19.36,1990,16,16 Apr - 22 Apr,,,,0.29,0,0
19.10,1990,17,23 Apr - 29 Apr,,,,0.52,0,0
18.17,1990,18,30 Apr - 06 May,,,,0.00,0,0
17.54,1990,19,07 May - 13 May,,,,-0.22,0,0
17.20,1990,20,14 May - 20 May,,,,-0.16,0,0
17.07,1990,21,21 May - 27 May,,,,0.07,0,0
16.80,1990,22,28 May - 03 Jun,,,,0.28,0,0
15.70,1990,23,04 Jun - 10 Jun,,,,-0.40,0,0
15.26,1990,24,11 Jun - 17 Jun,,,,-0.46,0,0
15.31,1990,25,18 Jun - 24 Jun,,,,-0.02,0,0
15.24,1990,26,25 Jun - 01 Jul,,,,0.18,0,0
14.93,1990,27,02 Jul - 08 Jul,,,,0.17,0,0
14.63,1990,28,09 Jul - 15 Jul,,,,0.14,0,0
14.57,1990,29,16 Jul - 22 Jul,,,,0.30,0,0
14.56,1990,30,23 Jul - 29 Jul,,,,0.46,0,0
13.96,1990,31,30 Jul - 05 Aug,,,,-0.06,0,0
14.39,1990,32,06 Aug - 12 Aug,,,,0.40,0,0
14.49,1990,33,13 Aug - 19 Aug,,,,0.52,0,0
14.40,1990,34,20 Aug - 26 Aug,,,,0.45,0,0
13.79,1990,35,27 Aug - 02 Sep,,,,-0.19,0,0
14.07,1990,36,03 Sep - 09 Sep,,,,-0.02,0,0
13.97,1990,37,10 Sep - 16 Sep,,,,-0.33,0,0
14.26,1990,38,17 Sep - 23 Sep,,,,-0.25,0,0
14.84,1990,39,24 Sep - 30 Sep,,,,0.13,0,0
14.61,1990,40,01 Oct - 07 Oct,,,,-0.28,0,0
15.07,1990,41,08 Oct - 14 Oct,,,,-0.01,0,0
15.46,1990,42,15 Oct - 21 Oct,,,,0.22,0,0
16.87,1990,43,22 Oct - 28 Oct,,,,1.25,0,0
16.57,1990,44,29 Oct - 4 Nov,,,,0.62,0,0
17.19,1990,45,5 Nov - 11 Nov,,,,0.82,0,0
17.43,1990,46,12 Nov - 18 Nov,,,,0.81,0,0
17.13,1990,47,19 Nov -25 Nov,,,,0.25,0,0
17.24,1990,48,26 Nov - 2 Dec,,,,0.09,0,0
17.33,1990,49,3 Dec - 9 Dec,,,,-0.37,0,0
18.63,1990,50,10 Dec -16 Dec,,,,0.60,0,0
18.60,1990,51,17 Dec - 23 Dec,,,,0.16,0,0
19.23,1990,52,24 Dec - 30 Dec,,,,0.54,0,0
18.66,1991,1,01 Jan - 07 Jan,,,,-0.63,0,0
18.84,1991,2,08 Jan - 14 Jan,,,,-0.88,0,0
18.69,1991,3,15 Jan - 21 Jan,,,,-1.28,0,0
19.56,1991,4,22 Jan - 28 Jan,,,,-0.60,0,0
18.54,1991,5,29 Jan - 04 Feb,,,,-1.72,0,0
19.83,1991,6,05 Feb - 11 Feb,,,,-0.63,0,0
20.64,1991,7,12 Feb - 18 Feb,,,,0.04,0,0
19.80,1991,8,19 Feb - 25 Feb,,,,-0.82,0,0
20.05,1991,9,26 Feb - 04 Mar,,,,-0.50,0,0
19.90,1991,10,05 Mar - 11 Mar,,,,-0.68,0,0
20.01,1991,11,12 Mar - 18 Mar,,,,-0.40,0,0
20.16,1991,12,19 Mar - 25 Mar,,,,-0.11,0,0
19.93,1991,13,26 Mar - 01 Apr,,,,-0.17,0,0
19.81,1991,14,02 Apr - 08 Apr,,,,0.08,0,0
18.74,1991,15,09 Apr - 15 Apr,,,,-0.63,0,0
18.49,1991,16,16 Apr - 22 Apr,,,,-0.58,0,0
17.79,1991,17,23 Apr - 29 Apr,,,,-0.79,0,0
17.24,1991,18,30 Apr - 06 May,,,,-0.93,0,0
17.14,1991,19,07 May - 13 May,,,,-0.62,0,0
16.63,1991,20,14 May - 20 May,,,,-0.73,0,0
16.27,1991,21,21 May - 27 May,,,,-0.73,0,0
16.33,1991,22,28 May - 03 Jun,,,,-0.19,0,0
15.73,1991,23,04 Jun - 10 Jun,,,,-0.37,0,0
15.36,1991,24,11 Jun - 17 Jun,,,,-0.36,0,0
14.84,1991,25,18 Jun - 24 Jun,,,,-0.49,0,0
14.56,1991,26,25 Jun - 01 Jul,,,,-0.51,0,0
14.56,1991,27,02 Jul - 08 Jul,,,,-0.20,0,0
14.19,1991,28,09 Jul - 15 Jul,,,,-0.30,0,0
14.16,1991,29,16 Jul - 22 Jul,,,,-0.11,0,0
13.71,1991,30,23 Jul - 29 Jul,,,,-0.38,0,0
14.07,1991,31,30 Jul - 05 Aug,,,,0.05,0,0
14.11,1991,32,06 Aug - 12 Aug,,,,0.13,0,0
13.87,1991,33,13 Aug - 19 Aug,,,,-0.09,0,0
13.46,1991,34,20 Aug - 26 Aug,,,,-0.49,0,0
13.86,1991,35,27 Aug - 02 Sep,,,,-0.12,0,0
13.96,1991,36,03 Sep - 09 Sep,,,,-0.13,0,0
14.11,1991,37,10 Sep - 16 Sep,,,,-0.19,0,0
14.26,1991,38,17 Sep - 23 Sep,,,,-0.25,0,0
14.17,1991,39,24 Sep - 30 Sep,,,,-0.54,0,0
13.86,1991,40,01 Oct - 07 Oct,,,,-1.04,0,0
14.29,1991,41,08 Oct - 14 Oct,,,,-0.80,0,0
14.53,1991,42,15 Oct - 21 Oct,,,,-0.71,0,0
15.50,1991,43,22 Oct - 28 Oct,,,,-0.12,0,0
15.53,1991,44,29 Oct - 4 Nov,,,,-0.42,0,0
15.64,1991,45,5 Nov - 11 Nov,,,,-0.72,0,0
15.00,1991,46,12 Nov - 18 Nov,,,,-1.62,0,0
16.01,1991,47,19 Nov -25 Nov,,,,-0.86,0,0
15.73,1991,48,26 Nov - 2 Dec,,,,-1.43,0,0
15.72,1991,49,3 Dec - 9 Dec,,,,-1.98,0,0
16.76,1991,50,10 Dec -16 Dec,,,,-1.27,0,0
17.59,1991,51,17 Dec - 23 Dec,,,,-0.85,0,0
18.10,1991,52,24 Dec - 30 Dec,,,,-0.59,0,0
18.43,1992,1,01 Jan - 07 Jan,,,,-0.86,0,0
19.03,1992,2,08 Jan - 14 Jan,,,,-0.69,0,0
19.13,1992,3,15 Jan - 21 Jan,,,,-0.84,0,0
19.53,1992,4,22 Jan - 28 Jan,,,,-0.62,0,0
19.61,1992,5,29 Jan - 04 Feb,,,,-0.65,0,0
19.93,1992,6,05 Feb - 11 Feb,,,,-0.53,0,0
20.24,1992,7,12 Feb - 18 Feb,,,,-0.36,0,0
19.93,1992,8,19 Feb - 25 Feb,,,,-0.69,0,0
19.50,1992,9,26 Feb - 03 Mar,,,,-1.05,0,0
19.86,1992,10,04 Mar - 10 Mar,,,,-0.72,0,0
19.19,1992,11,11 Mar - 17 Mar,,,,-1.23,0,0
17.94,1992,12,18 Mar - 24 Mar,,,,-2.33,0,0
18.00,1992,13,25 Mar - 31 Mar,,,,-2.10,0,0
17.31,1992,14,01 Apr - 07 Apr,,,,-2.42,0,0
17.51,1992,15,08 Apr - 14 Apr,,,,-1.86,0,0
17.09,1992,16,15 Apr - 21 Apr,,,,-1.98,0,0
17.00,1992,17,22 Apr - 28 Apr,,,,-1.58,0,0
16.94,1992,18,29 Apr - 05 May,,,,-1.23,0,0
16.24,1992,19,06 May - 12 May,,,,-1.52,0,0
15.81,1992,20,13 May - 19 May,,,,-1.54,0,0
15.61,1992,21,20 May - 26 May,,,,-1.38,0,0
15.09,1992,22,27 May - 02 Jun,,,,-1.44,0,0
15.21,1992,23,03 Jun - 09 Jun,,,,-0.89,0,0
14.83,1992,24,10 Jun - 16 Jun,,,,-0.88,0,0
14.54,1992,25,17 Jun - 23 Jun,,,,-0.79,0,0
14.13,1992,26,24 Jun - 30 Jun,,,,-0.94,0,0
13.96,1992,27,01 Jul - 07 Jul,,,,-0.80,0,13.95714286
13.99,1992,28,08 Jul - 14 Jul,,,,-0.50,0,0
13.63,1992,29,15 Jul - 21 Jul,,,,-0.64,0,0
13.31,1992,30,22 Jul - 28 Jul,,,,-0.78,0,0
13.76,1992,31,29 Jul - 04 Aug,,,,-0.26,0,0
13.40,1992,32,05 Aug - 11 Aug,,,,-0.59,0,0
13.39,1992,33,12 Aug - 18 Aug,,,,-0.58,0,0
12.93,1992,34,19 Aug - 25 Aug,,,,-1.02,0,0
12.56,1992,35,26 Aug - 01 Sep,,,,-1.42,0,0
12.96,1992,36,02 Sep - 08 Sep,,,,-1.13,0,0
12.80,1992,37,09 Sep - 15 Sep,,,,-1.50,0,0
13.13,1992,38,16 Sep - 22 Sep,,,,-1.38,0,0
13.27,1992,39,23 Sep - 29 Sep,,,,-1.44,0,0
13.63,1992,40,30 Sep - 06 Oct,,,,-1.27,0,0
14.24,1992,41,07 Oct - 13 Oct,,,,-0.84,0,0
14.31,1992,42,14 Oct - 20 Oct,,,,-0.92,0,0
14.60,1992,43,21 Oct - 27 Oct,,,,-1.02,0,0
14.94,1992,44,28 Oct - 03 Nov,,,,-1.01,0,0
16.00,1992,45,04 Nov - 10 Nov,,,,-0.36,0,0
16.54,1992,46,11 Nov - 17 Nov,,,,-0.08,0,0
16.80,1992,47,18 Nov -24 Nov,,,,-0.08,0,0
17.40,1992,48,25 Nov - 01 Dec,,,,0.24,0,0
17.46,1992,49,02 Dec - 08 Dec,,,,-0.24,0,0
18.30,1992,50,09 Dec -15 Dec,,,,0.27,0,0
18.60,1992,51,16 Dec - 22 Dec,,,,0.16,0,0
18.82,1992,52,23 Dec - 29 Dec,,,,0.13,0,0
19.31,1993,1,01 Jan - 07 Jan,,,,0.02,0,0
19.07,1993,2,08 Jan - 14 Jan,,,,-0.65,0,0
19.99,1993,3,15 Jan - 21 Jan,,,,0.02,0,0
20.39,1993,4,22 Jan - 28 Jan,,,,0.23,0,0
19.31,1993,5,29 Jan - 04 Feb,,,,-0.95,0,0
19.00,1993,6,05 Feb - 11 Feb,,,,-1.46,0,0
19.14,1993,7,12 Feb - 18 Feb,,,,-1.46,0,0
19.10,1993,8,19 Feb - 25 Feb,,,,-1.52,0,0
19.94,1993,9,26 Feb - 04 Mar,,,,-0.60,0,0
19.13,1993,10,05 Mar - 11 Mar,,,,-1.45,0,0
19.10,1993,11,12 Mar - 18 Mar,,,,-1.32,0,0
18.94,1993,12,19 Mar - 25 Mar,,,,-1.33,0,0
19.11,1993,13,26 Mar - 01 Apr,,,,-0.98,0,0
19.00,1993,14,02 Apr - 08 Apr,,,,-0.73,0,0
18.51,1993,15,09 Apr - 15 Apr,,,,-0.86,0,0
18.20,1993,16,16 Apr - 22 Apr,,,,-0.86,0,0
17.63,1993,17,23 Apr - 29 Apr,,,,-0.95,0,0
17.17,1993,18,30 Apr - 06 May,,,,-1.01,0,0
17.31,1993,19,07 May - 13 May,,,,-0.45,0,0
16.93,1993,20,14 May - 20 May,,,,-0.43,0,0
16.26,1993,21,21 May - 27 May,,,,-0.74,0,0
15.63,1993,22,28 May - 03 Jun,,,,-0.89,0,0
15.70,1993,23,04 Jun - 10 Jun,,,,-0.40,0,0
15.14,1993,24,11 Jun - 17 Jun,,,,-0.57,0,0
14.73,1993,25,18 Jun - 24 Jun,,,,-0.61,0,0
13.85,1993,26,25 Jun - 01 Jul,,,,-1.21,13.85,13.85
13.86,1993,27,02 Jul - 08 Jul,,,,-0.90,0,13.85714286
13.24,1993,28,09 Jul - 15 Jul,,,,-1.24,0,0
13.33,1993,29,16 Jul - 22 Jul,,,,-0.94,0,0
13.34,1993,30,23 Jul - 29 Jul,,,,-0.75,0,0
13.59,1993,31,30 Jul - 05 Aug,,,,-0.44,0,0
13.33,1993,32,06 Aug - 12 Aug,,,,-0.66,0,0
13.14,1993,33,13 Aug - 19 Aug,,,,-0.82,0,0
13.19,1993,34,20 Aug - 26 Aug,,,,-0.76,0,0
13.31,1993,35,27 Aug - 02 Sep,,,,-0.67,0,0
13.40,1993,36,03 Sep - 09 Sep,,,,-0.69,0,0
13.67,1993,37,10 Sep - 16 Sep,,,,-0.64,0,0
13.97,1993,38,17 Sep - 23 Sep,,,,-0.53,0,0
13.70,1993,39,24 Sep - 30 Sep,,,,-1.01,0,0
14.14,1993,40,01 Oct - 07 Oct,,,,-0.75,0,0
14.79,1993,41,08 Oct - 14 Oct,,,,-0.30,0,0
15.00,1993,42,15 Oct - 21 Oct,,,,-0.24,0,0
15.47,1993,43,22 Oct - 28 Oct,,,,-0.15,0,0
15.73,1993,44,29 Oct - 4 Nov,,,,-0.22,0,0
15.83,1993,45,5 Nov - 11 Nov,,,,-0.53,0,0
15.99,1993,46,12 Nov - 18 Nov,,,,-0.64,0,0
16.34,1993,47,19 Nov -25 Nov,,,,-0.53,0,0
16.23,1993,48,26 Nov - 2 Dec,,,,-0.93,0,0
16.00,1993,49,3 Dec - 9 Dec,,,,-1.70,0,0
16.89,1993,50,10 Dec -16 Dec,,,,-1.15,0,0
17.19,1993,51,17 Dec - 23 Dec,,,,-1.25,0,0
17.70,1993,52,24 Dec - 30 Dec,,,,-0.99,0,0
18.04,1994,1,01 Jan - 07 Jan,,,,-1.25,0,0
19.64,1994,2,08 Jan - 14 Jan,,,,-0.08,0,0
20.34,1994,3,15 Jan - 21 Jan,,,,0.37,0,0
20.64,1994,4,22 Jan - 28 Jan,,,,0.49,0,0
20.73,1994,5,29 Jan - 04 Feb,,,,0.47,0,0
20.51,1994,6,05 Feb - 11 Feb,,,,0.05,0,0
20.87,1994,7,12 Feb - 18 Feb,,,,0.27,0,0
20.90,1994,8,19 Feb - 25 Feb,,,,0.28,0,0
20.79,1994,9,26 Feb - 04 Mar,,,,0.24,0,0
20.13,1994,10,05 Mar - 11 Mar,,,,-0.45,0,0
20.34,1994,11,12 Mar - 18 Mar,,,,-0.07,0,0
19.64,1994,12,19 Mar - 25 Mar,,,,-0.63,0,0
19.79,1994,13,26 Mar - 01 Apr,,,,-0.31,0,0
19.24,1994,14,02 Apr - 08 Apr,,,,-0.49,0,0
19.56,1994,15,09 Apr - 15 Apr,,,,0.18,0,0
19.11,1994,16,16 Apr - 22 Apr,,,,0.05,0,0
17.74,1994,17,23 Apr - 29 Apr,,,,-0.84,0,0
17.86,1994,18,30 Apr - 06 May,,,,-0.32,0,0
17.51,1994,19,07 May - 13 May,,,,-0.25,0,0
16.61,1994,20,14 May - 20 May,,,,-0.74,0,0
16.43,1994,21,21 May - 27 May,,,,-0.57,0,0
15.69,1994,22,28 May - 03 Jun,,,,-0.84,0,0
14.81,1994,23,04 Jun - 10 Jun,,,,-1.29,0,0
14.91,1994,24,11 Jun - 17 Jun,,,,-0.80,0,0
14.90,1994,25,18 Jun - 24 Jun,,,,-0.43,0,0
14.33,1994,26,25 Jun - 01 Jul,,,,-0.74,0,0
13.56,1994,27,02 Jul - 08 Jul,,,,-1.20,0,13.55714286
13.30,1994,28,09 Jul - 15 Jul,,,,-1.19,0,0
13.66,1994,29,16 Jul - 22 Jul,,,,-0.61,0,0
13.76,1994,30,23 Jul - 29 Jul,,,,-0.34,0,0
13.91,1994,31,30 Jul - 05 Aug,,,,-0.11,0,0
13.63,1994,32,06 Aug - 12 Aug,,,,-0.36,0,0
13.40,1994,33,13 Aug - 19 Aug,,,,-0.56,0,0
13.49,1994,34,20 Aug - 26 Aug,,,,-0.46,0,0
13.63,1994,35,27 Aug - 02 Sep,,,,-0.35,0,0
13.30,1994,36,03 Sep - 09 Sep,,,,-0.79,0,0
13.59,1994,37,10 Sep - 16 Sep,,,,-0.72,0,0
13.67,1994,38,17 Sep - 23 Sep,,,,-0.83,0,0
13.69,1994,39,24 Sep - 30 Sep,,,,-1.03,0,0
13.70,1994,40,01 Oct - 07 Oct,,,,-1.19,0,0
13.73,1994,41,08 Oct - 14 Oct,,,,-1.36,0,0
13.67,1994,42,15 Oct - 21 Oct,,,,-1.57,0,0
14.41,1994,43,22 Oct - 28 Oct,,,,-1.21,0,0
15.04,1994,44,29 Oct - 4 Nov,,,,-0.91,0,0
15.29,1994,45,5 Nov - 11 Nov,,,,-1.08,0,0
15.79,1994,46,12 Nov - 18 Nov,,,,-0.84,0,0
15.59,1994,47,19 Nov -25 Nov,,,,-1.29,0,0
16.71,1994,48,26 Nov - 2 Dec,,,,-0.44,0,0
17.17,1994,49,3 Dec - 9 Dec,,,,-0.53,0,0
18.40,1994,50,10 Dec -16 Dec,,,,0.37,0,0
19.06,1994,51,17 Dec - 23 Dec,,,,0.62,0,0
18.48,1994,52,24 Dec - 30 Dec,,,,-0.21,0,0
18.66,1995,1,01 Jan - 07 Jan,,,,-0.63,0,0
19.53,1995,2,08 Jan - 14 Jan,,,,-0.19,0,0
20.10,1995,3,15 Jan - 21 Jan,,,,0.13,0,0
20.36,1995,4,22 Jan - 28 Jan,,,,0.20,0,0
20.36,1995,5,29 Jan - 04 Feb,,,,0.10,0,0
20.21,1995,6,05 Feb - 11 Feb,,,,-0.25,0,0
21.27,1995,7,12 Feb - 18 Feb,,,,0.67,0,0
21.30,1995,8,19 Feb - 25 Feb,,,,0.68,0,0
21.04,1995,9,26 Feb - 04 Mar,,,,0.50,0,0
21.23,1995,10,05 Mar - 11 Mar,,,,0.65,0,0
20.74,1995,11,12 Mar - 18 Mar,,,,0.33,0,0
20.17,1995,12,19 Mar - 25 Mar,,,,-0.10,0,0
20.89,1995,13,26 Mar - 01 Apr,,,,0.79,0,0
20.91,1995,14,02 Apr - 08 Apr,,,,1.18,0,0
20.70,1995,15,09 Apr - 15 Apr,,,,1.33,0,0
20.31,1995,16,16 Apr - 22 Apr,,,,1.25,0,0
20.20,1995,17,23 Apr - 29 Apr,,,,1.62,0,0
19.40,1995,18,30 Apr - 06 May,,,,1.22,0,0
18.60,1995,19,07 May - 13 May,,,,0.84,0,0
18.46,1995,20,14 May - 20 May,,,,1.10,0,0
18.21,1995,21,21 May - 27 May,,,,1.22,0,0
17.16,1995,22,28 May - 03 Jun,,,,0.64,0,0
15.90,1995,23,04 Jun - 10 Jun,,,,-0.20,0,0
15.63,1995,24,11 Jun - 17 Jun,,,,-0.08,0,0
15.24,1995,25,18 Jun - 24 Jun,,,,-0.09,0,0
14.77,1995,26,25 Jun - 01 Jul,,,,-0.29,0,0
14.71,1995,27,02 Jul - 08 Jul,,,,-0.04,0,0
14.31,1995,28,09 Jul - 15 Jul,,,,-0.17,0,0
13.63,1995,29,16 Jul - 22 Jul,,,,-0.64,0,0
12.96,1995,30,23 Jul - 29 Jul,,,,-1.14,0,0
13.34,1995,31,30 Jul - 05 Aug,,,,-0.68,0,0
13.29,1995,32,06 Aug - 12 Aug,,,,-0.70,0,0
13.03,1995,33,13 Aug - 19 Aug,,,,-0.93,0,0
13.38,1995,34,20 Aug - 26 Aug,,,,-0.57,0,0
13.03,1995,35,27 Aug - 02 Sep,,,,-0.95,0,0
13.26,1995,36,03 Sep - 09 Sep,,,,-0.83,0,0
13.43,1995,37,10 Sep - 16 Sep,,,,-0.87,0,0
14.14,1995,38,17 Sep - 23 Sep,,,,-0.36,0,0
14.61,1995,39,24 Sep - 30 Sep,,,,-0.10,0,0
14.70,1995,40,01 Oct - 07 Oct,,,,-0.19,0,0
14.49,1995,41,08 Oct - 14 Oct,,,,-0.60,0,0
14.44,1995,42,15 Oct - 21 Oct,,,,-0.80,0,0
14.93,1995,43,22 Oct - 28 Oct,,,,-0.69,0,0
15.33,1995,44,29 Oct - 4 Nov,,,,-0.62,0,0
15.34,1995,45,5 Nov - 11 Nov,,,,-1.02,0,0
16.17,1995,46,12 Nov - 18 Nov,,,,-0.45,0,0
16.57,1995,47,19 Nov -25 Nov,,,,-0.31,0,0
16.41,1995,48,26 Nov - 2 Dec,,,,-0.74,0,0
18.54,1995,49,3 Dec - 9 Dec,,,,0.84,0,0
19.12,1995,50,10 Dec -16 Dec,,,,1.08,0,0
18.52,1995,51,17 Dec - 23 Dec,,,,0.08,0,0
18.86,1995,52,24 Dec - 30 Dec,,,,0.17,0,0
20.27,1996,1,01 Jan - 07 Jan,,,,0.98,0,0
20.79,1996,2,08 Jan - 14 Jan,,,,1.07,0,0
20.49,1996,3,15 Jan - 21 Jan,,,,0.52,0,0
21.01,1996,4,22 Jan - 28 Jan,,,,0.86,0,0
21.49,1996,5,29 Jan - 04 Feb,,,,1.23,0,0
21.54,1996,6,05 Feb - 11 Feb,,,,1.08,0,0
21.67,1996,7,12 Feb - 18 Feb,,,,1.07,0,0
20.89,1996,8,19 Feb - 25 Feb,,,,0.27,0,0
20.77,1996,9,26 Feb - 03 Mar,,,,0.22,0,0
20.66,1996,10,04 Mar - 10 Mar,,,,0.08,0,0
20.37,1996,11,11 Mar - 17 Mar,,,,-0.05,0,0
20.10,1996,12,18 Mar - 24 Mar,,,,-0.17,0,0
19.53,1996,13,25 Mar - 31 Mar,,,,-0.56,0,0
19.37,1996,14,01 Apr - 07 Apr,,,,-0.36,0,0
19.37,1996,15,08 Apr - 14 Apr,,,,0.00,0,0
19.80,1996,16,15 Apr - 21 Apr,,,,0.74,0,0
19.03,1996,17,22 Apr - 28 Apr,,,,0.45,0,0
18.33,1996,18,29 Apr - 05 May,,,,0.15,0,0
17.97,1996,19,06 May - 12 May,,,,0.21,0,0
17.69,1996,20,13 May - 19 May,,,,0.33,0,0
17.30,1996,21,20 May - 26 May,,,,0.30,0,0
16.39,1996,22,27 May - 02 Jun,,,,-0.14,0,0
15.91,1996,23,03 Jun - 09 Jun,,,,-0.19,0,0
15.13,1996,24,10 Jun - 16 Jun,,,,-0.58,0,0
15.13,1996,25,17 Jun - 23 Jun,,,,-0.20,0,0
15.03,1996,26,24 Jun - 30 Jun,,,,-0.04,0,0
14.10,1996,27,01 Jul - 07 Jul,,,,-0.65,0,0
13.80,1996,28,08 Jul - 14 Jul,,,,-0.69,0,0
13.96,1996,29,15 Jul - 21 Jul,,,,-0.31,0,0
13.74,1996,30,22 Jul - 28 Jul,,,,-0.35,0,0
13.59,1996,31,29 Jul - 04 Aug,,,,-0.44,0,0
13.80,1996,32,05 Aug - 11 Aug,,,,-0.19,0,0
13.61,1996,33,12 Aug - 18 Aug,,,,-0.35,0,0
14.00,1996,34,19 Aug - 25 Aug,,,,0.05,0,0
13.59,1996,35,26 Aug - 01 Sep,,,,-0.39,0,0
14.03,1996,36,02 Sep - 08 Sep,,,,-0.06,0,0
14.34,1996,37,09 Sep - 15 Sep,,,,0.04,0,0
14.64,1996,38,16 Sep - 22 Sep,,,,0.14,0,0
15.13,1996,39,23 Sep - 29 Sep,,,,0.42,0,0
15.27,1996,40,30 Sep - 06 Oct,,,,0.38,0,0
15.21,1996,41,07 Oct - 13 Oct,,,,0.13,0,0
15.11,1996,42,14 Oct - 20 Oct,,,,-0.12,0,0
15.64,1996,43,21 Oct - 27 Oct,,,,0.02,0,0
15.92,1996,44,28 Oct - 03 Nov,,,,-0.04,0,0
16.13,1996,45,04 Nov - 10 Nov,,,,-0.23,0,0
15.87,1996,46,11 Nov - 17 Nov,,,,-0.75,0,0
15.64,1996,47,18 Nov -24 Nov,,,,-1.23,0,0
15.73,1996,48,25 Nov - 01 Dec,,,,-1.43,0,0
16.74,1996,49,02 Dec - 08 Dec,,,,-0.96,0,0
17.84,1996,50,09 Dec -15 Dec,,,,-0.19,0,0
16.99,1996,51,16 Dec - 22 Dec,,,,-1.45,0,0
18.04,1996,52,23 Dec - 29 Dec,,,,-0.64,0,0
18.76,1997,1,01 Jan - 07 Jan,,,,-0.53,0,0
19.00,1997,2,08 Jan - 14 Jan,,,,-0.72,0,0
19.16,1997,3,15 Jan - 21 Jan,,,,-0.81,0,0
19.26,1997,4,22 Jan - 28 Jan,,,,-0.90,0,0
18.79,1997,5,29 Jan - 04 Feb,,,,-1.47,0,0
19.13,1997,6,05 Feb - 11 Feb,,,,-1.33,0,0
19.39,1997,7,12 Feb - 18 Feb,,,,-1.21,0,0
20.49,1997,8,19 Feb - 25 Feb,,,,-0.13,0,0
20.94,1997,9,26 Feb - 04 Mar,,,,0.40,0,0
20.93,1997,10,05 Mar - 11 Mar,,,,0.35,0,0
20.05,1997,11,12 Mar - 18 Mar,,,,-0.37,0,0
19.81,1997,12,19 Mar - 25 Mar,,,,-0.46,0,0
19.59,1997,13,26 Mar - 01 Apr,,,,-0.51,0,0
19.86,1997,14,02 Apr - 08 Apr,,,,0.13,0,0
19.13,1997,15,09 Apr - 15 Apr,,,,-0.24,0,0
18.72,1997,16,16 Apr - 22 Apr,,,,-0.34,0,0
17.49,1997,17,23 Apr - 29 Apr,,,,-1.09,0,0
17.79,1997,18,30 Apr - 06 May,,,,-0.39,0,0
17.16,1997,19,07 May - 13 May,,,,-0.61,0,0
17.00,1997,20,14 May - 20 May,,,,-0.36,0,0
17.27,1997,21,21 May - 27 May,,,,0.27,0,0
16.56,1997,22,28 May - 03 Jun,,,,0.04,0,0
16.10,1997,23,04 Jun - 10 Jun,,,,0.00,0,0
15.74,1997,24,11 Jun - 17 Jun,,,,0.03,0,0
15.20,1997,25,18 Jun - 24 Jun,,,,-0.13,0,0
14.87,1997,26,25 Jun - 01 Jul,,,,-0.19,0,0
14.56,1997,27,02 Jul - 08 Jul,,,,-0.20,0,0
14.09,1997,28,09 Jul - 15 Jul,,,,-0.40,0,0
13.66,1997,29,16 Jul - 22 Jul,,,,-0.61,0,0
13.76,1997,30,23 Jul - 29 Jul,,,,-0.34,0,0
13.24,1997,31,30 Jul - 05 Aug,,,,-0.78,0,0
13.10,1997,32,06 Aug - 12 Aug,,,,-0.89,0,0
13.57,1997,33,13 Aug - 19 Aug,,,,-0.39,0,0
13.50,1997,34,20 Aug - 26 Aug,,,,-0.45,0,0
14.01,1997,35,27 Aug - 02 Sep,,,,0.03,0,0
13.55,1997,36,03 Sep - 09 Sep,,,,-0.54,0,0
13.97,1997,37,10 Sep - 16 Sep,,,,-0.33,0,0
14.21,1997,38,17 Sep - 23 Sep,,,,-0.29,0,0
14.51,1997,39,24 Sep - 30 Sep,,,,-0.20,0,0
14.39,1997,40,01 Oct - 07 Oct,,,,-0.51,0,0
14.89,1997,41,08 Oct - 14 Oct,,,,-0.20,0,0
14.77,1997,42,15 Oct - 21 Oct,,,,-0.47,0,0
15.19,1997,43,22 Oct - 28 Oct,,,,-0.44,0,0
16.40,1997,44,29 Oct - 4 Nov,,,,0.45,0,0
16.17,1997,45,5 Nov - 11 Nov,,,,-0.19,0,0
15.34,1997,46,12 Nov - 18 Nov,,,,-1.28,0,0
16.36,1997,47,19 Nov -25 Nov,,,,-0.52,0,0
17.26,1997,48,26 Nov - 2 Dec,,,,0.10,0,0
17.16,1997,49,3 Dec - 9 Dec,,,,-0.54,0,0
18.16,1997,50,10 Dec -16 Dec,,,,0.13,0,0
17.79,1997,51,17 Dec - 23 Dec,,,,-0.65,0,0
18.74,1997,52,24 Dec - 30 Dec,,,,0.05,0,0
20.09,1998,1,01 Jan - 07 Jan,,,,0.80,0,0
19.31,1998,2,08 Jan - 14 Jan,,,,-0.40,0,0
19.43,1998,3,15 Jan - 21 Jan,,,,-0.54,0,0
20.54,1998,4,22 Jan - 28 Jan,,,,0.39,0,0
20.53,1998,5,29 Jan - 04 Feb,,,,0.27,0,0
21.54,1998,6,05 Feb - 11 Feb,,,,1.08,0,0
21.16,1998,7,12 Feb - 18 Feb,,,,0.56,0,0
19.96,1998,8,19 Feb - 25 Feb,,,,-0.66,0,0
19.76,1998,9,26 Feb - 04 Mar,,,,-0.79,0,0
20.81,1998,10,05 Mar - 11 Mar,,,,0.23,0,0
20.01,1998,11,12 Mar - 18 Mar,,,,-0.40,0,0
20.32,1998,12,19 Mar - 25 Mar,,,,0.05,0,0
20.30,1998,13,26 Mar - 01 Apr,,,,0.20,0,0
19.30,1998,14,02 Apr - 08 Apr,,,,-0.43,0,0
19.61,1998,15,09 Apr - 15 Apr,,,,0.24,0,0
18.81,1998,16,16 Apr - 22 Apr,,,,-0.25,0,0
19.03,1998,17,23 Apr - 29 Apr,,,,0.45,0,0
18.24,1998,18,30 Apr - 06 May,,,,0.07,0,0
18.09,1998,19,07 May - 13 May,,,,0.32,0,0
17.43,1998,20,14 May - 20 May,,,,0.07,0,0
17.57,1998,21,21 May - 27 May,,,,0.57,0,0
16.83,1998,22,28 May - 03 Jun,,,,0.31,0,0
16.53,1998,23,04 Jun - 10 Jun,,,,0.43,0,0
16.64,1998,24,11 Jun - 17 Jun,,,,0.93,0,0
15.83,1998,25,18 Jun - 24 Jun,,,,0.49,0,0
16.13,1998,26,25 Jun - 01 Jul,,,,1.06,0,0
16.04,1998,27,02 Jul - 08 Jul,,,,1.29,0,0
15.93,1998,28,09 Jul - 15 Jul,,,,1.44,0,0
15.44,1998,29,16 Jul - 22 Jul,,,,1.17,0,0
15.17,1998,30,23 Jul - 29 Jul,,,,1.07,0,0
14.83,1998,31,30 Jul - 05 Aug,,,,0.81,0,0
14.76,1998,32,06 Aug - 12 Aug,,,,0.77,0,0
14.73,1998,33,13 Aug - 19 Aug,,,,0.77,0,0
14.49,1998,34,20 Aug - 26 Aug,,,,0.54,0,0
14.80,1998,35,27 Aug - 02 Sep,,,,0.82,0,0
14.93,1998,36,03 Sep - 09 Sep,,,,0.84,0,0
15.26,1998,37,10 Sep - 16 Sep,,,,0.95,0,0
15.60,1998,38,17 Sep - 23 Sep,,,,1.10,0,0
15.77,1998,39,24 Sep - 30 Sep,,,,1.06,0,0
15.74,1998,40,01 Oct - 07 Oct,,,,0.85,0,0
16.24,1998,41,08 Oct - 14 Oct,,,,1.16,0,0
15.67,1998,42,15 Oct - 21 Oct,,,,0.43,0,0
15.60,1998,43,22 Oct - 28 Oct,,,,-0.02,0,0
16.01,1998,44,29 Oct - 4 Nov,,,,0.06,0,0
16.89,1998,45,5 Nov - 11 Nov,,,,0.52,0,0
17.69,1998,46,12 Nov - 18 Nov,,,,1.06,0,0
17.57,1998,47,19 Nov -25 Nov,,,,0.69,0,0
17.53,1998,48,26 Nov - 2 Dec,,,,0.37,0,0
18.00,1998,49,3 Dec - 9 Dec,,,,0.30,0,0
18.14,1998,50,10 Dec -16 Dec,,,,0.11,0,0
19.46,1998,51,17 Dec - 23 Dec,,,,1.02,0,0
19.85,1998,52,24 Dec - 30 Dec,,,,1.16,0,0
20.51,1999,1,01 Jan - 07 Jan,,,,1.22,0,0
21.31,1999,2,08 Jan - 14 Jan,,,,1.60,0,0
22.11,1999,3,15 Jan - 21 Jan,,,,2.14,0,0
22.07,1999,4,22 Jan - 28 Jan,,,,1.92,0,0
21.80,1999,5,29 Jan - 04 Feb,,,,1.54,0,0
21.26,1999,6,05 Feb - 11 Feb,,,,0.80,0,0
21.11,1999,7,12 Feb - 18 Feb,,,,0.52,0,0
21.34,1999,8,19 Feb - 25 Feb,,,,0.72,0,0
20.89,1999,9,26 Feb - 04 Mar,,,,0.34,0,0
20.97,1999,10,05 Mar - 11 Mar,,,,0.39,0,0
21.29,1999,11,12 Mar - 18 Mar,,,,0.87,0,0
21.16,1999,12,19 Mar - 25 Mar,,,,0.89,0,0
21.27,1999,13,26 Mar - 01 Apr,,,,1.17,0,0
21.09,1999,14,02 Apr - 08 Apr,,,,1.36,0,0
20.46,1999,15,09 Apr - 15 Apr,,,,1.08,0,0
19.89,1999,16,16 Apr - 22 Apr,,,,0.82,0,0
19.47,1999,17,23 Apr - 29 Apr,,,,0.89,0,0
18.90,1999,18,30 Apr - 06 May,,,,0.72,0,0
18.09,1999,19,07 May - 13 May,,,,0.32,0,0
18.49,1999,20,14 May - 20 May,,,,1.13,0,0
18.06,1999,21,21 May - 27 May,,,,1.06,0,0
18.20,1999,22,28 May - 03 Jun,,,,1.68,0,0
17.31,1999,23,04 Jun - 10 Jun,,,,1.21,0,0
17.36,1999,24,11 Jun - 17 Jun,,,,1.64,0,0
16.67,1999,25,18 Jun - 24 Jun,,,,1.34,0,0
15.93,1999,26,25 Jun - 01 Jul,,,,0.86,0,0
16.02,1999,27,02 Jul - 08 Jul,,,,1.26,0,0
15.58,1999,28,09 Jul - 15 Jul,,,,1.10,0,0
15.88,1999,29,16 Jul - 22 Jul,,,,1.61,0,0
15.23,1999,30,23 Jul - 29 Jul,,,,1.13,0,0
15.13,1999,31,30 Jul - 05 Aug,,,,1.11,0,0
15.00,1999,32,06 Aug - 12 Aug,,,,1.01,0,0
15.17,1999,33,13 Aug - 19 Aug,,,,1.21,0,0
14.76,1999,34,20 Aug - 26 Aug,,,,0.81,0,0
15.19,1999,35,27 Aug - 02 Sep,,,,1.21,0,0
15.38,1999,36,03 Sep - 09 Sep,,,,1.29,0,0
15.16,1999,37,10 Sep - 16 Sep,,,,0.85,0,0
15.36,1999,38,17 Sep - 23 Sep,,,,0.85,0,0
15.49,1999,39,24 Sep - 30 Sep,,,,0.77,0,0
16.19,1999,40,01 Oct - 07 Oct,,,,1.29,0,0
16.39,1999,41,08 Oct - 14 Oct,,,,1.30,0,0
16.50,1999,42,15 Oct - 21 Oct,,,,1.26,0,0
16.90,1999,43,22 Oct - 28 Oct,,,,1.28,0,0
17.21,1999,44,29 Oct - 4 Nov,,,,1.26,0,0
17.97,1999,45,5 Nov - 11 Nov,,,,1.60,0,0
17.76,1999,46,12 Nov - 18 Nov,,,,1.13,0,0
17.50,1999,47,19 Nov -25 Nov,,,,0.62,0,0
18.06,1999,48,26 Nov - 2 Dec,,,,0.90,0,0
18.60,1999,49,3 Dec - 9 Dec,,,,0.90,0,0
18.16,1999,50,10 Dec -16 Dec,,,,0.13,0,0
18.27,1999,51,17 Dec - 23 Dec,,,,-0.17,0,0
18.53,1999,52,24 Dec - 30 Dec,,,,-0.16,0,0
18.83,2000,1,01 Jan - 07 Jan,,,,-0.46,0,0
19.53,2000,2,08 Jan - 14 Jan,,,,-0.19,0,0
19.69,2000,3,15 Jan - 21 Jan,,,,-0.28,0,0
19.83,2000,4,22 Jan - 28 Jan,,,,-0.32,0,0
19.30,2000,5,29 Jan - 04 Feb,,,,-0.96,0,0
19.69,2000,6,05 Feb - 11 Feb,,,,-0.77,0,0
20.66,2000,7,12 Feb - 18 Feb,,,,0.06,0,0
20.86,2000,8,19 Feb - 25 Feb,,,,0.24,0,0
21.23,2000,9,26 Feb - 03 Mar,,,,0.68,0,0
21.30,2000,10,04 Mar - 10 Mar,,,,0.72,0,0
20.84,2000,11,11 Mar - 17 Mar,,,,0.42,0,0
20.69,2000,12,18 Mar - 24 Mar,,,,0.42,0,0
20.60,2000,13,25 Mar - 31 Mar,,,,0.50,0,0
20.60,2000,14,01 Apr - 07 Apr,,,,0.87,0,0
19.91,2000,15,08 Apr - 14 Apr,,,,0.54,0,0
20.01,2000,16,15 Apr - 21 Apr,,,,0.95,0,0
19.09,2000,17,22 Apr - 28 Apr,,,,0.51,0,0
18.70,2000,18,29 Apr - 05 May,,,,0.52,0,0
18.43,2000,19,06 May - 12 May,,,,0.66,0,0
18.19,2000,20,13 May - 19 May,,,,0.83,0,0
17.53,2000,21,20 May - 26 May,,,,0.53,0,0
17.33,2000,22,27 May - 02 Jun,,,,0.81,0,0
16.37,2000,23,03 Jun - 09 Jun,,,,0.27,0,0
15.57,2000,24,10 Jun - 16 Jun,,,,-0.14,0,0
15.54,2000,25,17 Jun - 23 Jun,,,,0.21,0,0
15.87,2000,26,24 Jun - 30 Jun,,,,0.81,0,0
15.24,2000,27,01 Jul - 07 Jul,,,,0.49,0,0
14.91,2000,28,08 Jul - 14 Jul,,,,0.43,0,0
14.73,2000,29,15 Jul - 21 Jul,,,,0.46,0,0
14.77,2000,30,22 Jul - 28 Jul,,,,0.67,0,0
14.27,2000,31,29 Jul - 04 Aug,,,,0.25,0,0
14.34,2000,32,05 Aug - 11 Aug,,,,0.35,0,0
14.54,2000,33,12 Aug - 18 Aug,,,,0.58,0,0
14.59,2000,34,19 Aug - 25 Aug,,,,0.64,0,0
14.86,2000,35,26 Aug - 01 Sep,,,,0.88,0,0
14.71,2000,36,02 Sep - 08 Sep,,,,0.62,0,0
14.91,2000,37,09 Sep - 15 Sep,,,,0.61,0,0
14.99,2000,38,16 Sep - 22 Sep,,,,0.48,0,0
14.81,2000,39,23 Sep - 29 Sep,,,,0.10,0,0
14.99,2000,40,30 Sep - 06 Oct,,,,0.09,0,0
14.66,2000,41,07 Oct - 13 Oct,,,,-0.43,0,0
14.63,2000,42,14 Oct - 20 Oct,,,,-0.61,0,0
15.84,2000,43,21 Oct - 27 Oct,,,,0.22,0,0
16.17,2000,44,28 Oct - 03 Nov,,,,0.22,0,0
15.84,2000,45,04 Nov - 10 Nov,,,,-0.52,0,0
16.11,2000,46,11 Nov - 17 Nov,,,,-0.51,0,0
16.14,2000,47,18 Nov -24 Nov,,,,-0.73,0,0
16.66,2000,48,25 Nov - 01 Dec,,,,-0.50,0,0
17.53,2000,49,02 Dec - 08 Dec,,,,-0.17,0,0
18.36,2000,50,09 Dec -15 Dec,,,,0.33,0,0
19.21,2000,51,16 Dec - 22 Dec,,,,0.78,0,0
19.23,2000,52,23 Dec - 29 Dec,,,,0.55,0,0
18.93,2001,1,01 Jan - 07 Jan,,,,-0.36,0,0
19.79,2001,2,08 Jan - 14 Jan,,,,0.07,0,0
19.46,2001,3,15 Jan - 21 Jan,,,,-0.51,0,0
19.44,2001,4,22 Jan - 28 Jan,,,,-0.71,0,0
19.81,2001,5,29 Jan - 04 Feb,,,,-0.45,0,0
19.67,2001,6,05 Feb - 11 Feb,,,,-0.79,0,0
20.43,2001,7,12 Feb - 18 Feb,,,,-0.17,0,0
21.34,2001,8,19 Feb - 25 Feb,,,,0.72,0,0
21.50,2001,9,26 Feb - 04 Mar,,,,0.95,0,0
20.94,2001,10,05 Mar - 11 Mar,,,,0.36,0,0
20.60,2001,11,12 Mar - 18 Mar,,,,0.18,0,0
20.71,2001,12,19 Mar - 25 Mar,,,,0.44,0,0
20.33,2001,13,26 Mar - 01 Apr,,,,0.23,0,0
19.97,2001,14,02 Apr - 08 Apr,,,,0.24,0,0
19.54,2001,15,09 Apr - 15 Apr,,,,0.17,0,0
19.42,2001,16,16 Apr - 22 Apr,,,,0.36,0,0
19.06,2001,17,23 Apr - 29 Apr,,,,0.48,0,0
19.03,2001,18,30 Apr - 06 May,,,,0.85,0,0
18.79,2001,19,07 May - 13 May,,,,1.02,0,0
18.10,2001,20,14 May - 20 May,,,,0.74,0,0
17.36,2001,21,21 May - 27 May,,,,0.36,0,0
16.40,2001,22,28 May - 03 Jun,,,,-0.12,0,0
16.07,2001,23,04 Jun - 10 Jun,,,,-0.03,0,0
15.90,2001,24,11 Jun - 17 Jun,,,,0.19,0,0
15.50,2001,25,18 Jun - 24 Jun,,,,0.17,0,0
15.37,2001,26,25 Jun - 01 Jul,,,,0.30,0,0
14.71,2001,27,02 Jul - 08 Jul,,,,-0.04,0,0
14.29,2001,28,09 Jul - 15 Jul,,,,-0.20,0,0
14.00,2001,29,16 Jul - 22 Jul,,,,-0.27,0,0
14.07,2001,30,23 Jul - 29 Jul,,,,-0.03,0,0
14.30,2001,31,30 Jul - 05 Aug,,,,0.28,0,0
14.31,2001,32,06 Aug - 12 Aug,,,,0.33,0,0
13.61,2001,33,13 Aug - 19 Aug,,,,-0.35,0,0
14.20,2001,34,20 Aug - 26 Aug,,,,0.25,0,0
14.40,2001,35,27 Aug - 02 Sep,,,,0.42,0,0
14.30,2001,36,03 Sep - 09 Sep,,,,0.21,0,0
14.50,2001,37,10 Sep - 16 Sep,,,,0.20,0,0
14.71,2001,38,17 Sep - 23 Sep,,,,0.21,0,0
15.16,2001,39,24 Sep - 30 Sep,,,,0.45,0,0
16.13,2001,40,01 Oct - 07 Oct,,,,1.23,0,0
15.90,2001,41,08 Oct - 14 Oct,,,,0.81,0,0
16.29,2001,42,15 Oct - 21 Oct,,,,1.05,0,0
16.60,2001,43,22 Oct - 28 Oct,,,,0.98,0,0
16.06,2001,44,29 Oct - 4 Nov,,,,0.10,0,0
16.43,2001,45,5 Nov - 11 Nov,,,,0.07,0,0
16.87,2001,46,12 Nov - 18 Nov,,,,0.25,0,0
17.56,2001,47,19 Nov -25 Nov,,,,0.68,0,0
18.01,2001,48,26 Nov - 2 Dec,,,,0.86,0,0
18.23,2001,49,3 Dec - 9 Dec,,,,0.53,0,0
18.41,2001,50,10 Dec -16 Dec,,,,0.38,0,0
19.91,2001,51,17 Dec - 23 Dec,,,,1.48,0,0
19.50,2001,52,24 Dec - 30 Dec,,,,0.81,0,0
18.96,2002,1,01 Jan - 07 Jan,,,,-0.33,0,0
18.79,2002,2,08 Jan - 14 Jan,,,,-0.93,0,0
19.13,2002,3,15 Jan - 21 Jan,,,,-0.84,0,0
20.79,2002,4,22 Jan - 28 Jan,,,,0.63,0,0
20.66,2002,5,29 Jan - 04 Feb,,,,0.40,0,0
20.44,2002,6,05 Feb - 11 Feb,,,,-0.02,0,0
20.73,2002,7,12 Feb - 18 Feb,,,,,0,0
20.79,2002,8,19 Feb - 25 Feb,,,,,0,0
20.57,2002,9,26 Feb - 04 Mar,,,,,0,0
20.30,2002,10,05 Mar - 11 Mar,,,,,0,0
20.63,2002,11,12 Mar - 18 Mar,,,,,0,0
20.44,2002,12,19 Mar - 25 Mar,,,,,0,0
20.33,2002,13,26 Mar - 01 Apr,,,,,0,0
19.11,2002,14,02 Apr - 08 Apr,,,,,0,0
18.99,2002,15,09 Apr - 15 Apr,,,,,0,0
19.04,2002,16,16 Apr - 22 Apr,,,,,0,0
19.44,2002,17,23 Apr - 29 Apr,,,,,0,0
18.66,2002,18,30 Apr - 06 May,,,,,0,0
18.29,2002,19,07 May - 13 May,,,,,0,0
17.83,2002,20,14 May - 20 May,,,,,0,0
17.39,2002,21,21 May - 27 May,,,,,0,0
16.39,2002,22,28 May - 03 Jun,,,,,0,0
15.87,2002,23,04 Jun - 10 Jun,,,,,0,0
16.01,2002,24,11 Jun - 17 Jun,,,,,0,0
15.90,2002,25,18 Jun - 24 Jun,,,,,0,0
15.66,2002,26,25 Jun - 01 Jul,,,,,0,0
15.13,2002,27,02 Jul - 08 Jul,,,,,0,0
14.74,2002,28,09 Jul - 15 Jul,,,,,0,0
14.43,2002,29,16 Jul - 22 Jul,,,,,0,0
14.24,2002,30,23 Jul - 29 Jul,,,,,0,0
13.83,2002,31,30 Jul - 05 Aug,,,,,0,0
14.10,2002,32,06 Aug - 12 Aug,,,,,0,0
14.13,2002,33,13 Aug - 19 Aug,,,,,0,0
14.01,2002,34,20 Aug - 26 Aug,,,,,0,0
13.94,2002,35,27 Aug - 02 Sep,,,,,0,0
14.37,2002,36,03 Sep - 09 Sep,,,,,0,0
14.43,2002,37,10 Sep - 16 Sep,,,,,0,0
14.39,2002,38,17 Sep - 23 Sep,,,,,0,0
15.04,2002,39,24 Sep - 30 Sep,,,,,0,0
14.80,2002,40,01 Oct - 07 Oct,,,,,0,0
14.94,2002,41,08 Oct - 14 Oct,,,,,0,0
15.09,2002,42,15 Oct - 21 Oct,,,,,0,0
15.23,2002,43,22 Oct - 28 Oct,,,,,0,0
15.09,2002,44,29 Oct - 4 Nov,,,,,0,0
15.02,2002,45,5 Nov - 11 Nov,,,,,0,0
15.14,2002,46,12 Nov - 18 Nov,,,,,0,0
15.87,2002,47,19 Nov -25 Nov,,,,,0,0
17.24,2002,48,26 Nov - 2 Dec,,,,,0,0
17.57,2002,49,3 Dec - 9 Dec,,,,,0,0
16.86,2002,50,10 Dec -16 Dec,,,,,0,0
17.33,2002,51,17 Dec - 23 Dec,,,,,0,0
17.78,2002,52,24 Dec - 30 Dec,,,,,0,0
19.11,2003,1,01 Jan - 07 Jan,,,,,0,0
19.44,2003,2,08 Jan - 14 Jan,,,,,0,0
20.10,2003,3,15 Jan - 21 Jan,,,,,0,0
19.70,2003,4,22 Jan - 28 Jan,,,,,0,0
19.71,2003,5,29 Jan - 04 Feb,,,,,0,0
20.30,2003,6,05 Feb - 11 Feb,,,,,0,0
20.90,2003,7,12 Feb - 18 Feb,,,,,0,0
19.70,2003,8,19 Feb - 25 Feb,,,,,0,0
20.33,2003,9,26 Feb - 04 Mar,,,,,0,0
20.23,2003,10,05 Mar - 11 Mar,,,,,0,0
20.04,2003,11,12 Mar - 18 Mar,,,,,0,0
20.13,2003,12,19 Mar - 25 Mar,,,,,0,0
20.44,2003,13,26 Mar - 01 Apr,,,,,0,0
20.44,2003,14,02 Apr - 08 Apr,,,,,0,0
19.83,2003,15,09 Apr - 15 Apr,,,,,0,0
19.47,2003,16,16 Apr - 22 Apr,,,,,0,0
19.06,2003,17,23 Apr - 29 Apr,,,,,0,0
18.96,2003,18,30 Apr - 06 May,,,,,0,0
18.39,2003,19,07 May - 13 May,,,,,0,0
18.10,2003,20,14 May - 20 May,,,,,0,0
18.14,2003,21,21 May - 27 May,,,,,0,0
17.40,2003,22,28 May - 03 Jun,,,,,0,0
17.29,2003,23,04 Jun - 10 Jun,,,,,0,0
16.41,2003,24,11 Jun - 17 Jun,,,,,0,0
16.47,2003,25,18 Jun - 24 Jun,,,,,0,0
16.04,2003,26,25 Jun - 01 Jul,,,,,0,0
15.30,2003,27,02 Jul - 08 Jul,,,,,0,0
14.76,2003,28,09 Jul - 15 Jul,,,,,0,0
14.43,2003,29,16 Jul - 22 Jul,,,,,0,0
14.21,2003,30,23 Jul - 29 Jul,,,,,0,0
14.10,2003,31,30 Jul - 05 Aug,,,,,0,0
14.02,2003,32,06 Aug - 12 Aug,,,,,0,0
14.16,2003,33,13 Aug - 19 Aug,,,,,0,0
14.00,2003,34,20 Aug - 26 Aug,,,,,0,0
13.91,2003,35,27 Aug - 02 Sep,,,,,0,0
14.16,2003,36,03 Sep - 09 Sep,,,,,0,0
14.54,2003,37,10 Sep - 16 Sep,,,,,0,0
15.09,2003,38,17 Sep - 23 Sep,,,,,0,0
15.15,2003,39,24 Sep - 30 Sep,,,,,0,0
14.39,2003,40,01 Oct - 07 Oct,,,,,0,0
14.69,2003,41,08 Oct - 14 Oct,,,,,0,0
15.51,2003,42,15 Oct - 21 Oct,,,,,0,0
16.04,2003,43,22 Oct - 28 Oct,,,,,0,0
16.04,2003,44,29 Oct - 4 Nov,,,,,0,0
15.99,2003,45,5 Nov - 11 Nov,,,,,0,0
16.54,2003,46,12 Nov - 18 Nov,,,,,0,0
16.77,2003,47,19 Nov -25 Nov,,,,,0,0
16.33,2003,48,26 Nov - 2 Dec,,,,,0,0
17.83,2003,49,3 Dec - 9 Dec,,,,,0,0
17.89,2003,50,10 Dec -16 Dec,,,,,0,0
18.97,2003,51,17 Dec - 23 Dec,,,,,0,0
17.84,2003,52,24 Dec - 30 Dec,,,,,0,0
19.41,2004,1,01 Jan - 07 Jan,,,,,0,0
20.34,2004,2,08 Jan - 14 Jan,,,,,0,0
20.63,2004,3,15 Jan - 21 Jan,,,,,0,0
20.26,2004,4,22 Jan - 28 Jan,,,,,0,0
20.01,2004,5,29 Jan - 04 Feb,,,,,0,0
20.07,2004,6,05 Feb - 11 Feb,,,,,0,0
19.13,2004,7,12 Feb - 18 Feb,,,,,0,0
17.71,2004,8,19 Feb - 25 Feb,,,,,0,0
17.97,2004,9,26 Feb - 03 Mar,,,,,0,0
18.27,2004,10,04 Mar - 10 Mar,,,,,0,0
18.57,2004,11,11 Mar - 17 Mar,,,,,0,0
18.79,2004,12,18 Mar - 24 Mar,,,,,0,0
18.63,2004,13,25 Mar - 31 Mar,,,,,0,0
18.29,2004,14,01 Apr - 07 Apr,,,,,0,0
17.43,2004,15,08 Apr - 14 Apr,,,,,0,0
17.80,2004,16,15 Apr - 21 Apr,,,,,0,0
17.65,2004,17,22 Apr - 28 Apr,,,,,0,0
17.73,2004,18,29 Apr - 05 May,,,,,0,0
17.40,2004,19,06 May - 12 May,,,,,0,0
17.07,2004,20,13 May - 19 May,,,,,0,0
16.74,2004,21,20 May - 26 May,,,,,0,0
16.33,2004,22,27 May - 02 Jun,,,,,0,0
15.73,2004,23,03 Jun - 09 Jun,,,,,0,0
15.59,2004,24,10 Jun - 16 Jun,,,,,0,0
15.76,2004,25,17 Jun - 23 Jun,,,,,0,0
15.24,2004,26,24 Jun - 30 Jun,,,,,0,0
14.47,2004,27,01 Jul - 07 Jul,,,,,0,0
14.14,2004,28,08 Jul - 14 Jul,,,,,0,0
14.01,2004,29,15 Jul - 21 Jul,,,,,0,0
13.34,2004,30,22 Jul - 28 Jul,,,,,0,0
13.44,2004,31,29 Jul - 04 Aug,,,,,0,0
13.40,2004,32,05 Aug - 11 Aug,,,,,0,0
13.40,2004,33,12 Aug - 18 Aug,,,,,0,0
13.37,2004,34,19 Aug - 25 Aug,,,,,0,0
12.86,2004,35,26 Aug - 01 Sep,,,,,0,0
13.09,2004,36,02 Sep - 08 Sep,,,,,0,0
13.66,2004,37,09 Sep - 15 Sep,,,,,0,0
13.89,2004,38,16 Sep - 22 Sep,,,,,0,0
14.11,2004,39,23 Sep - 29 Sep,,,,,0,0
14.14,2004,40,30 Sep - 06 Oct,,,,,0,0
14.44,2004,41,07 Oct - 13 Oct,,,,,0,0
14.76,2004,42,14 Oct - 20 Oct,,,,,0,0
15.24,2004,43,21 Oct - 27 Oct,,,,,0,0
15.81,2004,44,28 Oct - 03 Nov,,,,,0,0
16.71,2004,45,04 Nov - 10 Nov,,,,,0,0
16.49,2004,46,11 Nov - 17 Nov,,,,,0,0
16.66,2004,47,18 Nov -24 Nov,,,,,0,0
16.27,2004,48,25 Nov - 01 Dec,,,,,0,0
16.16,2004,49,02 Dec - 08 Dec,,,,,0,0
15.73,2004,50,09 Dec -15 Dec,,,,,0,0
15.10,2004,51,16 Dec - 22 Dec,,,,,0,0
15.57,2004,52,23 Dec - 29 Dec,,,,,0,0
16.44,2005,1,01 Jan - 07 Jan,,,,,0,0
17.51,2005,2,08 Jan - 14 Jan,,,,,0,0
18.99,2005,3,15 Jan - 21 Jan,,,,,0,0
20.04,2005,4,22 Jan - 28 Jan,,,,,0,0
20.11,2005,5,29 Jan - 04 Feb,,,,,0,0
20.91,2005,6,05 Feb - 11 Feb,,,,,0,0
20.37,2005,7,12 Feb - 18 Feb,,,,,0,0
21.20,2005,8,19 Feb - 25 Feb,,,,,0,0
21.14,2005,9,26 Feb - 04 Mar,,,,,0,0
20.96,2005,10,05 Mar - 11 Mar,,,,,0,0
20.51,2005,11,12 Mar - 18 Mar,,,,,0,0
21.47,2005,12,19 Mar - 25 Mar,,,,,0,0
19.95,2005,13,26 Mar - 01 Apr,,,,,0,0
20.21,2005,14,02 Apr - 08 Apr,,,,,0,0
20.11,2005,15,09 Apr - 15 Apr,,,,,0,0
19.92,2005,16,16 Apr - 22 Apr,,,,,0,0
18.43,2005,17,23 Apr - 29 Apr,,,,,0,0
18.73,2005,18,30 Apr - 06 May,,,,,0,0
18.10,2005,19,07 May - 13 May,,,,,0,0
18.24,2005,20,14 May - 20 May,,,,,0,0
18.04,2005,21,21 May - 27 May,,,,,0,0
17.03,2005,22,28 May - 03 Jun,,,,,0,0
16.23,2005,23,04 Jun - 10 Jun,,,,,0,0
16.10,2005,24,11 Jun - 17 Jun,,,,,0,0
15.96,2005,25,18 Jun - 24 Jun,,,,,0,0
15.31,2005,26,25 Jun - 01 Jul,,,,,0,0
15.41,2005,27,02 Jul - 08 Jul,,,,,0,0
15.31,2005,28,09 Jul - 15 Jul,,,,,0,0
15.21,2005,29,16 Jul - 22 Jul,,,,,0,0
14.90,2005,30,23 Jul - 29 Jul,,,,,0,0
14.49,2005,31,30 Jul - 05 Aug,,,,,0,0
14.20,2005,32,06 Aug - 12 Aug,,,,,0,0
14.43,2005,33,13 Aug - 19 Aug,,,,,0,0
14.76,2005,34,20 Aug - 26 Aug,,,,,0,0
14.79,2005,35,27 Aug - 02 Sep,,,,,0,0
14.93,2005,36,03 Sep - 09 Sep,,,,,0,0
15.10,2005,37,10 Sep - 16 Sep,,,,,0,0
14.67,2005,38,17 Sep - 23 Sep,,,,,0,0
14.87,2005,39,24 Sep - 30 Sep,,,,,0,0
15.01,2005,40,01 Oct - 07 Oct,,,,,0,0
14.49,2005,41,08 Oct - 14 Oct,,,,,0,0
15.54,2005,42,15 Oct - 21 Oct,,,,,0,0
16.49,2005,43,22 Oct - 28 Oct,,,,,0,0
17.09,2005,44,29 Oct - 4 Nov,,,,,0,0
17.37,2005,45,5 Nov - 11 Nov,,,,,0,0
17.40,2005,46,12 Nov - 18 Nov,,,,,0,0
17.56,2005,47,19 Nov -25 Nov,,,,,0,0
17.23,2005,48,26 Nov - 2 Dec,,,,,0,0
17.44,2005,49,3 Dec - 9 Dec,,,,,0,0
18.69,2005,50,10 Dec -16 Dec,,,,,0,0
18.19,2005,51,17 Dec - 23 Dec,,,,,0,0
18.69,2005,52,24 Dec - 30 Dec,,,,,0,0
18.40,2006,1,01 Jan - 07 Jan,,,,,0,0
19.26,2006,2,08 Jan - 14 Jan,,,,,0,0
19.74,2006,3,15 Jan - 21 Jan,,,,,0,0
19.90,2006,4,22 Jan - 28 Jan,,,,,0,0
20.66,2006,5,29 Jan - 04 Feb,,,,,0,0
20.61,2006,6,05 Feb - 11 Feb,,,,,0,0
20.73,2006,7,12 Feb - 18 Feb,,,,,0,0
21.31,2006,8,19 Feb - 25 Feb,,,,,0,0
20.49,2006,9,26 Feb - 04 Mar,,,,,0,0
19.39,2006,10,05 Mar - 11 Mar,,,,,0,0
19.54,2006,11,12 Mar - 18 Mar,,,,,0,0
20.09,2006,12,19 Mar - 25 Mar,,,,,0,0
20.00,2006,13,26 Mar - 01 Apr,,,,,0,0
19.84,2006,14,02 Apr - 08 Apr,,,,,0,0
18.73,2006,15,09 Apr - 15 Apr,,,,,0,0
18.47,2006,16,16 Apr - 22 Apr,,,,,0,0
18.92,2006,17,23 Apr - 29 Apr,,,,,0,0
18.74,2006,18,30 Apr - 06 May,,,,,0,0
18.10,2006,19,07 May - 13 May,,,,,0,0
17.19,2006,20,14 May - 20 May,,,,,0,0
17.23,2006,21,21 May - 27 May,,,,,0,0
16.74,2006,22,28 May - 03 Jun,,,,,0,0
16.13,2006,23,04 Jun - 10 Jun,,,,,0,0
15.50,2006,24,11 Jun - 17 Jun,,,,,0,0
14.59,2006,25,18 Jun - 24 Jun,,,,,0,0
13.89,2006,26,25 Jun - 01 Jul,,,,,13.88571429,13.88571429
13.83,2006,27,02 Jul - 08 Jul,,,,,0,13.82857143
13.91,2006,28,09 Jul - 15 Jul,,,,,,
13.80,2006,29,16 Jul - 22 Jul,,,,,,
13.31,2006,30,23 Jul - 29 Jul,,,,,,
13.74,2006,31,30 Jul - 05 Aug,,,,,,
13.59,2006,32,06 Aug - 12 Aug,,,,,,
13.44,2006,33,13 Aug - 19 Aug,,,,,,
13.47,2006,34,20 Aug - 26 Aug,,,,,,
13.79,2006,35,27 Aug - 02 Sep,,,,,,
14.17,2006,36,03 Sep - 09 Sep,,,,,,
14.37,2006,37,10 Sep - 16 Sep,,,,,,
14.61,2006,38,17 Sep - 23 Sep,,,,,,
15.50,2006,39,24 Sep - 30 Sep,,,,,,
15.30,2006,40,01 Oct - 07 Oct,,,,,,
15.23,2006,41,08 Oct - 14 Oct,,,,,,
15.19,2006,42,15 Oct - 21 Oct,,,,,,
15.32,2006,43,22 Oct - 28 Oct,,,,,,
15.28,2006,44,29 Oct - 4 Nov,,,,,,
15.47,2006,45,5 Nov - 11 Nov,,,,,,
15.11,2006,46,12 Nov - 18 Nov,,,,,,
15.84,2006,47,19 Nov -25 Nov,,,,,,
16.03,2006,48,26 Nov - 2 Dec,,,,,,
15.96,2006,49,3 Dec - 9 Dec,,,,,,
16.61,2006,50,10 Dec -16 Dec,,,,,,
17.16,2006,51,17 Dec - 23 Dec,,,,,,
17.05,2006,52,24 Dec - 30 Dec,,,,,,
17.54,2007,1,01 Jan - 07 Jan,,,,,,
18.50,2007,2,08 Jan - 14 Jan,,,,,,
19.41,2007,3,15 Jan - 21 Jan,,,,,,
19.47,2007,4,22 Jan - 28 Jan,,,,,,
19.37,2007,5,29 Jan - 04 Feb,,,,,,
20.29,2007,6,05 Feb - 11 Feb,,,,,,
20.19,2007,7,12 Feb - 18 Feb,,,,,,
20.47,2007,8,19 Feb - 25 Feb,,,,,,
20.81,2007,9,26 Feb - 04 Mar,,,,,,
21.11,2007,10,05 Mar - 11 Mar,,,,,,
19.54,2007,11,12 Mar - 18 Mar,,,,,,
19.04,2007,12,19 Mar - 25 Mar,,,,,,
19.94,2007,13,26 Mar - 01 Apr,,,,,,
19.71,2007,14,02 Apr - 08 Apr,,,,,,
19.34,2007,15,09 Apr - 15 Apr,,,,,,
18.46,2007,16,16 Apr - 22 Apr,,,,,,
18.61,2007,17,23 Apr - 29 Apr,,,,,,
18.54,2007,18,30 Apr - 06 May,,,,,,
18.27,2007,19,07 May - 13 May,,,,,,
17.94,2007,20,14 May - 20 May,,,,,,
17.71,2007,21,21 May - 27 May,,,,,,
17.04,2007,22,28 May - 03 Jun,,,,,,
16.61,2007,23,04 Jun - 10 Jun,,,,,,
16.21,2007,24,11 Jun - 17 Jun,,,,,,
15.57,2007,25,18 Jun - 24 Jun,,,,,,
15.49,2007,26,25 Jun - 01 Jul,,,,,,
15.47,2007,27,02 Jul - 08 Jul,,,,,,
14.79,2007,28,09 Jul - 15 Jul,,,,,,
14.34,2007,29,16 Jul - 22 Jul,,,,,,
13.61,2007,30,23 Jul - 29 Jul,,,,,,
14.29,2007,31,30 Jul - 05 Aug,,,,,,
14.17,2007,32,06 Aug - 12 Aug,,,,,,
14.27,2007,33,13 Aug - 19 Aug,,,,,,
13.96,2007,34,20 Aug - 26 Aug,,,,,,
14.23,2007,35,27 Aug - 02 Sep,,,,,,
14.11,2007,36,03 Sep - 09 Sep,,,,,,
14.31,2007,37,10 Sep - 16 Sep,,,,,,
15.04,2007,38,17 Sep - 23 Sep,,,,,,
14.96,2007,39,24 Sep - 30 Sep,,,,,,
14.74,2007,40,01 Oct - 07 Oct,,,,,,
15.23,2007,41,08 Oct - 14 Oct,,,,,,
14.79,2007,42,15 Oct - 21 Oct,,,,,,
14.87,2007,43,22 Oct - 28 Oct,,,,,,
15.39,2007,44,29 Oct - 4 Nov,,,,,,
15.80,2007,45,5 Nov - 11 Nov,,,,,,
16.20,2007,46,12 Nov - 18 Nov,,,,,,
17.21,2007,47,19 Nov -25 Nov,,,,,,
17.44,2007,48,26 Nov - 2 Dec,,,,,,
17.89,2007,49,3 Dec - 9 Dec,,,,,,
18.16,2007,50,10 Dec -16 Dec,,,,,,
18.40,2007,51,17 Dec - 23 Dec,,,,,,
18.58,2007,52,24 Dec - 30 Dec,,,,,,
19.90,2008,1,01 Jan - 07 Jan,,,,,,
20.23,2008,2,08 Jan - 14 Jan,,,,,,
21.07,2008,3,15 Jan - 21 Jan,,,,,,
21.40,2008,4,22 Jan - 28 Jan,,,,,,
21.57,2008,5,29 Jan - 04 Feb,,,,,,
21.49,2008,6,05 Feb - 11 Feb,,,,,,
20.74,2008,7,12 Feb - 18 Feb,,,,,,
20.70,2008,8,19 Feb - 25 Feb,,,,,,
20.99,2008,9,26 Feb - 03 Mar,,,,,,
20.64,2008,10,04 Mar - 10 Mar,,,,,,
20.87,2008,11,11 Mar - 17 Mar,,,,,,
21.07,2008,12,18 Mar - 24 Mar,,,,,,
21.17,2008,13,25 Mar - 31 Mar,,,,,,
20.63,2008,14,01 Apr - 07 Apr,,,,,,
20.23,2008,15,08 Apr - 14 Apr,,,,,,
19.93,2008,16,15 Apr - 21 Apr,,,,,,
19.14,2008,17,22 Apr - 28 Apr,,,,,,
19.04,2008,18,29 Apr - 05 May,,,,,,
18.19,2008,19,06 May - 12 May,,,,,,
17.86,2008,20,13 May - 19 May,,,,,,
17.54,2008,21,20 May - 26 May,,,,,,
16.99,2008,22,27 May - 02 Jun,,,,,,
16.51,2008,23,03 Jun - 09 Jun,,,,,,
16.67,2008,24,10 Jun - 16 Jun,,,,,,
16.14,2008,25,17 Jun - 23 Jun,,,,,,
15.29,2008,26,24 Jun - 30 Jun,,,,,,
14.90,2008,27,01 Jul - 07 Jul,,,,,,
14.43,2008,28,08 Jul - 14 Jul,,,,,,
14.50,2008,29,15 Jul - 21 Jul,,,,,,
14.23,2008,30,22 Jul - 28 Jul,,,,,,
14.14,2008,31,29 Jul - 04 Aug,,,,,,
13.84,2008,32,05 Aug - 11 Aug,,,,,,
13.59,2008,33,12 Aug - 18 Aug,,,,,,
13.64,2008,34,19 Aug - 25 Aug,,,,,,
13.77,2008,35,26 Aug - 01 Sep,,,,,,
13.94,2008,36,02 Sep - 08 Sep,,,,,,
13.99,2008,37,09 Sep - 15 Sep,,,,,,
14.58,2008,38,16 Sep - 22 Sep,,,,,,
15.20,2008,39,23 Sep - 29 Sep,,,,,,
14.66,2008,40,30 Sep - 06 Oct,,,,,,
15.01,2008,41,07 Oct - 13 Oct,,,,,,
15.47,2008,42,14 Oct - 20 Oct,,,,,,
15.57,2008,43,21 Oct - 27 Oct,,,,,,
15.50,2008,44,28 Oct - 03 Nov,,,,,,
15.43,2008,45,04 Nov - 10 Nov,,,,,,
16.33,2008,46,11 Nov - 17 Nov,,,,,,
16.61,2008,47,18 Nov -24 Nov,,,,,,
17.13,2008,48,25 Nov - 01 Dec,,,,,,
18.19,2008,49,02 Dec - 08 Dec,,,,,,
18.39,2008,50,09 Dec -15 Dec,,,,,,
17.43,2008,51,16 Dec - 22 Dec,,,,,,
18.14,2008,52,23 Dec - 29 Dec,,,,,,
19.42,2009,1,01 Jan - 07 Jan,,,,,,
20.53,2009,2,08 Jan - 14 Jan,,,,,,
20.42,2009,3,15 Jan - 21 Jan,,,,,,
20.31,2009,4,22 Jan - 28 Jan,,,,,,
21.04,2009,5,29 Jan - 04 Feb,,,,,,
21.77,2009,6,05 Feb - 11 Feb,,,,,,
21.14,2009,7,12 Feb - 18 Feb,,,,,,
21.41,2009,8,19 Feb - 25 Feb,,,,,,
20.80,2009,9,26 Feb - 03 Mar,,,,,,
21.00,2009,10,04 Mar - 10 Mar,,,,,,
19.93,2009,11,11 Mar - 17 Mar,,,,,,
20.24,2009,12,18 Mar - 24 Mar,,,,,,
20.39,2009,13,25 Mar - 31 Mar,,,,,,
19.76,2009,14,01 Apr - 07 Apr,,,,,,
19.40,2009,15,08 Apr - 14 Apr,,,,,,
19.14,2009,16,15 Apr - 21 Apr,,,,,,
18.62,2009,17,22 Apr - 28 Apr,,,,,,
18.44,2009,18,29 Apr - 05 May,,,,,,
17.20,2009,19,06 May - 12 May,,,,,,
16.77,2009,20,13 May - 19 May,,,,,,
16.18,2009,21,20 May - 26 May,,,,,,
15.94,2009,22,27 May - 02 Jun,,,,,,
14.96,2009,23,03 Jun - 09 Jun,,,,,,
15.57,2009,24,10 Jun - 16 Jun,,,,,,
14.50,2009,25,17 Jun - 23 Jun,,,,,,
14.77,2009,26,24 Jun - 30 Jun,,,,,,
14.57,2009,27,01 Jul - 07 Jul,,,,,,
13.63,2009,28,08 Jul - 14 Jul,,,,,,
13.59,2009,29,15 Jul - 21 Jul,,,,,,
13.85,2009,30,22 Jul - 28 Jul,,,,,,
13.86,2009,31,29 Jul - 04 Aug,,,,,,
13.96,2009,32,05 Aug - 11 Aug,,,,,,
14.34,2009,33,12 Aug - 18 Aug,,,,,,
14.26,2009,34,19 Aug - 25 Aug,,,,,,
14.53,2009,35,26 Aug - 01 Sep,,,,,,
14.64,2009,36,02 Sep - 08 Sep,,,,,,
14.71,2009,37,09 Sep - 15 Sep,,,,,,
15.10,2009,38,16 Sep - 22 Sep,,,,,,
15.17,2009,39,23 Sep - 29 Sep,,,,,,
14.97,2009,40,30 Sep - 06 Oct,,,,,,
14.69,2009,41,07 Oct - 13 Oct,,,,,,
15.07,2009,42,14 Oct - 20 Oct,,,,,,
15.10,2009,43,21 Oct - 27 Oct,,,,,,
15.66,2009,44,28 Oct - 03 Nov,,,,,,
16.06,2009,45,04 Nov - 10 Nov,,,,,,
16.10,2009,46,11 Nov - 17 Nov,,,,,,
16.31,2009,47,18 Nov -24 Nov,,,,,,
17.10,2009,48,25 Nov - 01 Dec,,,,,,
17.49,2009,49,02 Dec - 08 Dec,,,,,,
18.27,2009,50,09 Dec -15 Dec,,,,,,
18.19,2009,51,16 Dec - 22 Dec,,,,,,
18.94,2009,52,23 Dec - 29 Dec,,,,,,
